name,website,eMed Provider ID,eMed Provider Name,eMed Provider Status
4P Medical Education,https://4pmeded.com/,,,
A. Webb Roberts Center for Continuing Medical Education of Baylor Scott & White Health,https://ce.bswhealth.com/,9755,A. Webb Roberts Center for Continuing Medical Education of Baylor Scott & White Health,1
AANS,http://www.aans.org/,,,
Academia Medica del Sur,https://www.academiamedicadelsur.com/,,,
"AcademicCME, LLC",https://academiccme.com/,,,
"Academy for Continued Healthcare Learning, The",http://achlcme.org/,,,
Academy of Medicine of Queens County,http://www.mscq.org/,,,
"Acadoodle, Ltd.",https://www.acadoodle.com/,,,
Acapedia,http://www.fluorosafety.com/,,,
Accreditation Council for Graduate Medical Education,https://www.acgme.org/,51304,Accreditation Council for Graduate Medical Education,1
AchieveCE,https://achievece.com/,47734,AchieveCE,1
Adena Regional Medical Center,http://www.adena.org/meded,,,
Advanced Health Education Center,http://www.aheconline.com/,7424,Advanced Health Education Center,1
Advanced Medical Education,http://www.amecme.com/,,,
AdventHealth Great Lakes Region Medical Centers,https://www.adventhealth.com/hospital/adventhealth-hinsdale,,,
AdventHealth Orlando,https://adventhealth.cloud-cme.com/,,,
AdventHealth Rocky Mountain Region,https://www.adventhealth.com/news/adventhealth-rename-directly-manage-five-colorado-hospitals-and-related-care-sites,,,
Advocate Health,https://www.advocateaurorahealth.org/,45640,Advocate Health,1
AEYR Global,https://aeyr.com/,,,
AffinityCE,https://affinityced.com/,43852,AffinityCE,1
Aga Khan University Hospital,http://www.aku.edu/,,,
AIDS Healthcare Foundation,http://www.aidshealth.org/,4400,AIDS Healthcare Foundation,1
AIMEC,https://www.aimec.co/,,,
AK Department of Health and Social Services,https://health.alaska.gov/Pages/default.aspx,,,
"AKH Inc., Advancing Knowledge in Healthcare",https://www.akhcme.com/,,,
Alabama College Of Osteopathic Medicine,http://www.acom.edu/,,,
Alameda Health System,https://www.alamedahealthsystem.org/,,,
Alaska Native Medical Center,http://www.anmc.org/,,,
Albany Medical College,http://www.amc.edu/,,,
Albert Einstein College of Medicine – Montefiore Medical Center,https://montefioreeinstein.org/,,,
Alivio Medical Center,https://aliviohealth.com/,,,
Allegheny General Hospital,https://cme.ahn.org/,,,
Alliant Health Solutions,https://www.allianthealth.org/,,,
Allina Health,http://www.allina.com/,4423,Allina Health,1
AltaMed Health Services,https://www.altamed.org/,,,
AMBOSS,https://www.amboss.com/us,,,
"Amedco, LLC.",http://www.amedcoedu.com/,,,
American Academy of Addiction Psychiatry,https://www.aaap.org/,,,
American Academy of Allergy Asthma & Immunology,http://www.aaaai.org/,,,
American Academy of Child and Adolescent Psychiatry,http://www.aacap.org/,,,
American Academy of CME,https://www.academycme.org/,,,
American Academy of Dermatology,http://www.aad.org/,,,
American Academy of Emergency Medicine,http://www.aaem.org/,,,
American Academy of Facial Plastic & Reconstructive Surgery Foundation,http://www.aafprs.org/,,,
American Academy of Family Physicians,http://www.aafp.org/,,,
American Academy of Hospice & Palliative Medicine,http://www.aahpm.org/,,,
American Academy of Medical Acupuncture,http://www.medicalacupuncture.org/,,,
American Academy of Neurology Institute,http://www.aan.com/,,,
American Academy of Ophthalmology,http://www.aao.org/,,,
American Academy of Orthopaedic Surgeons,http://www.aaos.org/,10162,American Academy of Orthopaedic Surgeons,1
American Academy of Otolaryngic Allergy,http://aaoallergy.org/,,,
American Academy of Otolaryngology – Head & Neck Surgery Foundation,http://www.entnet.org/,,,
American Academy of Pediatrics,http://www.aap.org/,,,
American Academy of Pediatrics – Georgia Chapter,http://www.gaaap.org/,,,
"American Academy of Pediatrics, Chapter 4",http://www.aap-oc.org/,9708,"American Academy of Pediatrics, Chapter 4",1
American Academy of Physical Medicine And Rehabilitation,http://www.aapmr.org/,,,
American Academy of Psychiatry and the Law,http://www.aapl.org/,,,
American Academy of Sleep Medicine,https://aasm.org/,,,
American Association for Physician Leadership,http://www.physicianleaders.org/,,,
American Association for the Study of Liver Diseases,http://www.aasld.org/,,,
American Association for Thoracic Surgery,http://www.aats.org/,,,
American Association of Gynecologic Laparoscopists,http://www.aagl.org/,,,
American Association of Hip and Knee Surgeons,http://www.aahks.org/,,,
"American Association of Neuromuscular & Electrodiagnostic Medicine, The",http://www.aanem.org/,,,
American Association of Neuropathologists,http://www.neuropath.org/,,,
American Association of Oral & Maxillofacial Surgeons,http://www.aaoms.org/,,,
American Board of Quality Assurance and Utilization Review Physicians,http://www.abqaurp.org/,8299,American Board of Quality Assurance and Utilization Review Physicians,1
American Burn Association,http://www.ameriburn.org/,51307,American Burn Association,1
American Cleft Palate Craniofacial Association,http://acpacares.org/,,,
American Clinical Neurophysiology Society,http://www.acns.org/,,,
American College Health Association,http://www.acha.org/,7430,American College Health Association,1
"American College of Allergy, Asthma and Immunology",http://www.acaai.org/,,,
American College of Cardiology Foundation,https://www.acc.org/,,,
American College of Chest Physicians,http://www.chestnet.org/,,,
American College of Clinical Pharmacology,http://www.accp1.org/,,,
American College of Emergency Physicians,http://www.acep.org/,,,
American College of Endocrinology,http://www.aace.com/,,,
American College of Gastroenterology,https://gi.org/,,,
American College of Healthcare Executives,https://www.ache.org/,41587,American College of Healthcare Executives,1
American College of Legal Medicine,http://www.aclm.org/,,,
American College of Medical Genetics and Genomics,http://www.acmg.net/,,,
"American College of Mohs Surgery, Inc",http://www.mohscollege.org/,,,
American College of Obstetricians & Gynecologists,http://www.acog.org/,,,
American College of Occupational & Environmental Medicine,http://www.acoem.org/,,,
American College of Osteopathic Family Physicians,https://www.acofp.org/,,,
American College of Osteopathic Internists,https://www.acoi.org/,,,
American College of Osteopathic Obstetricians and Gynecologists,http://www.acoog.org/,,,
American College of Osteopathic Surgeons,https://www.facos.org/,,,
American College of Physicians,http://www.acponline.org/,13276,American College of Physicians,1
American College of Preventive Medicine,http://www.acpm.org/,,,
"American College of Psychiatrists, The",http://www.acpsych.org/,,,
American College of Radiology,http://www.acr.org/,,,
American College of Rheumatology,http://www.rheumatology.org/,7679,American College of Rheumatology,1
American College of Sports Medicine,http://www.acsm.org/,3813,American College of Sports Medicine,1
American College of Surgeons,http://www.facs.org/,7238,American College of Surgeons,1
American Correctional Association,http://www.aca.org/,,,
American Diabetes Association,https://professional.diabetes.org/,51311,American Diabetes Association,1
American Educational Institute,http://www.aeiseminars.com/,,,
American Epilepsy Society,http://www.aesnet.org/,51314,American Epilepsy Society,1
American Gastroenterological Association (AGA) Institute,http://www.gastro.org/,,,
American Geriatrics Society,http://www.americangeriatrics.org/,,,
American Group Psychotherapy Association,http://www.agpa.org/,,,
American Head And Neck Society,http://www.headandneckcancer.org/,,,
American Headache Society,http://www.americanheadachesociety.org/,,,
American Heart Association,http://learn.heart.org/,,,
American Institute of Medical Education,http://www.creativityandmadness.com/,,,
American Institute of Ultrasound in Medicine,http://www.aium.org/,,,
American Medical Association,http://www.ama-assn.org/,,,
"American Medical Compliance, Inc.",https://americanmedicalcompliance.com/,,,
American Medical Group Association,http://www.amga.org/,,,
American Medical Informatics Association,http://www.amia.org/,,,
"American Medical Seminars, Inc.",http://www.americanmedicalseminars.com/,,,
American Neurological Association,http://myana.org/,,,
American Nutrition Association,https://theana.org/,,,
American Orthopaedic Foot And Ankle Society,http://www.aofas.org/,,,
American Orthopaedic Society for Sports Medicine,http://www.sportsmed.org/,,,
American Osteopathic Association,http://accme.org/cme-provider-directory/www.osteopathic.org,,,
American Osteopathic College of Dermatology,http://www.aocd.org/,,,
American Osteopathic College of Radiology,http://www.aocr.org/,,,
American Pain Consortium,https://www.americanpainconsortium.com/,,,
American Psychiatric Association,http://www.psych.org/,,,
American Psychoanalytic Association,http://www.apsa.org/,,,
American Public Health Association,http://www.apha.org/,,,
American Red Cross,https://www.redcross.org/take-a-class,,,
American Rhinologic Society,http://www.american-rhinologic.org/,,,
American Roentgen Ray Society,http://www.arrs.org/,,,
American Seminar Institute,http://accme.org/cme-provider-directory/www.americanseminar.com,,,
American Society for Aesthetic Plastic Surgery,http://www.theaestheticsociety.org/,,,
American Society for Clinical Pathology,http://www.ascp.org/,,,
American Society for Dermatologic Surgery,http://www.asds.net/,,,
American Society for Gastrointestinal Endoscopy,http://www.asge.org/,35578,American Society for Gastrointestinal Endoscopy,1
American Society for Laser Medicine And Surgery,http://www.aslms.org/,,,
American Society for Metabolic and Bariatric Surgery,http://www.asmbs.org/,,,
American Society for Nutrition,https://nutrition.org/,"2151,7636","American Society for Nutrition,American Society for Nutrition","1,1"
American Society for Parenteral & Enteral Nutrition,http://www.nutritioncare.org/,,,
American Society for Radiation Oncology,http://www.astro.org/,,,
American Society for Reproductive Medicine,http://www.asrm.org/,,,
American Society for Surgery of the Hand,http://www.assh.org/,,,
American Society for Transplantation and Cellular Therapy,https://www.astct.org/,,,
American Society of Addiction Medicine,http://www.asam.org/,,,
American Society of Anesthesiologists,http://www.asahq.org/,,,
"American Society of Breast Surgeons, The",http://www.breastsurgeons.org/,,,
American Society of Cataract & Refractive Surgery,http://www.ascrs.org/,,,
American Society of Clinical Hypnosis – Education and Research Foundation,http://www.asch.net/,,,
American Society of Clinical Oncology,http://www.asco.org/,,,
American Society of Colon And Rectal Surgeons,http://www.fascrs.org/,,,
American Society of Cytopathology,http://www.cytopathology.org/,,,
American Society of Dermatopathology,http://www.asdp.org/,,,
American Society of Echocardiography,http://www.asecho.org/,,,
American Society of Health-System Pharmacists,http://www.ashp.org/,,,
American Society of Hematology,http://www.hematology.org/,,,
American Society of Nephrology (ASN),https://www.asn-online.org/,1748,American Society of Nephrology (ASN),1
American Society of Neuroradiology,http://www.asnr.org/,,,
American Society of Nuclear Cardiology,http://www.asnc.org/,,,
American Society of Ophthalmic Plastic And Reconstructive Surgery,http://www.asoprs.org/,,,
American Society of Pediatric Hematology – Oncology,http://www.aspho.org/,,,
American Society of Plastic Surgeons,http://www.plasticsurgery.org/,8476,American Society of Plastic Surgeons,1
American Society of Regional Anesthesia and Pain Medicine,http://www.asra.com/,,,
American Society of Retina Specialists,http://www.asrs.org/,,,
American Society of Transplant Surgeons,http://www.asts.org/,,,
American Society of Tropical Medicine & Hygiene,http://www.astmh.org/,,,
American Sports Medicine Institute,http://www.asmi.org/,,,
American Thoracic Society,http://www.thoracic.org/,,,
American Thyroid Association,https://www.thyroid.org/,,,
American Urogynecologic Society (AUGS),https://www.augs.org/,1852,American Urogynecologic Society (AUGS),1
American Urological Association,http://www.auanet.org/,,,
American Vein and Lymphatic Society,http://www.myavls.org/,,,
AnMed Health,https://anmed.org/,2469,AnMed Health,1
Annenberg Center for Health Sciences At Eisenhower,http://www.annenberg.net/,2474,Annenberg Center for Health Sciences At Eisenhower,1
Answers in CME Inc. (AiCME),https://answersincme.com/aboutus,,,
Antelope Valley Medical Center,http://accme.org/cme-provider-directory/www.avmc.org,,,
Antidote Education Company,https://my.antidotecme.com/,2479,Antidote Education Company,1
"AO North America, Inc.",http://www.aona.org/,,,
Apex Innovations,https://www.apexinnovations.com/,6342,Apex Innovations,1
Apex Longevity Academy,https://apexlongevityacademy.com/us/,,,
"Apogee Medical Management, Inc.",http://www.apogeephysicians.com/,,,
Ara Imaging,http://www.ausrad.com/,,,
Area L AHEC,http://www.arealahec.org/,,,
Arizona Alliance for Community Health Centers,https://aachc.org/,,,
Arizona Chapter of the American Academy of Pediatrics (AzAAP),http://accme.org/cme-provider-directory/azaap.org,"50851,51216","Arizona Chapter of the American Academy of Pediatrics (AzAAP),Arizona Chapter of the American Academy of Pediatrics (AzAAP)","1,1"
Arizona Osteopathic Medical Association,http://www.azosteo.org/,,,
Arizona State University,https://cmehub.asu.edu/,,,
Arkansas Colleges of Health Education,https://achehealth.edu/,,,
Armenian American Medical Society,http://www.aamsc.org/,,,
Artesia General Hospital,https://artesiageneral.com/,,,
Arthroscopy Association of North America,http://www.aana.org/,7326,Arthroscopy Association of North America,1
ASCCP,http://www.asccp.org/,2778,ASCCP,1
Ascension,http://accme.org/cme-provider-directory/ascension-ce-cme.cloud-cme.com,18255,Ascension,1
Ascension Saint Thomas,https://ast.cloud-cme.com/,2431,Ascension Saint Thomas,1
"Aspirus, Inc.",https://www.aspirus.org/continuing-medical-education,,,
Association for Diagnostics & Laboratory Medicine,http://accme.org/cme-provider-directory/myadlm.org,,,
Association for Hospital Medical Education,http://www.ahme.org/,,,
"Association for Research in Vision and Ophthalmology, The",http://www.arvo.org/,,,
Association for the Advancement of Blood & Biotherapies (AABB),http://accme.org/cme-provider-directory/www.aabb.org,"1873,49300","Association for the Advancement of Blood & Biotherapies (AABB),Association for the Advancement of Blood & Biotherapies (AABB)","1,1"
Association of Academic Physiatrists,http://www.physiatry.org/,,,
Association of Black Cardiologists,http://www.abcardio.org/,21995,Association of Black Cardiologists,1
Association of Diabetes Care & Education Specialists,http://accme.org/cme-provider-directory/diabeteseducator.org,,,
Association of Extremity Nerve Surgeons,http://www.aens.us/,,,
Association of Physicians of​ Pakistani Descent of North America,http://www.appna.org/,,,
Austen Riggs Center,http://www.austenriggs.org/,,,
Avel eCare,http://accme.org/cme-provider-directory/www.avelecare.com,51425,Avel eCare,1
Avera,https://avera.cloud-cme.com/default.aspx,,,
"AXIS Medical Education, Inc.",http://axismeded.com/,9704,"AXIS Medical Education, Inc.",1
Ballad Health,http://www.balladhealth.org/,18836,Ballad Health,1
Baltimore County Medical Association,https://www.bcmamed.org/,,,
Banner Health,http://www.bannercme.com/,2488,Banner Health,1
Baptist Health,http://www.baptistjax.com/,2505,Baptist Health,1
Baptist Health Care,http://ebaptisthealthcare.org/,7344,Baptist Health Care,1
Baptist Health Deaconess Madisonville,http://accme.org/cme-provider-directory/www.baptisthealthdeaconess.com,,,
Baptist Health South Florida,http://www.baptisthealth.net/,6137,Baptist Health South Florida,1
Baptist Memorial Health Care Corporation,http://www.baptistonline.org/,,,
Bartlett Regional Hospital,http://www.bartletthospital.org/,4723,Bartlett Regional Hospital,1
Bassett Healthcare,http://www.bassett.edu/,,,
Baton Rouge General Medical Center,http://www.brgeneral.org/,,,
Bay Area Hospital,http://www.bayareahospital.org/,,,
Baylor College of Medicine,https://clinicianresources.bcm.edu/,50343,Baylor College of Medicine,1
Baystate Health,https://www.baystatehealth.org/,3230,Baystate Health,1
Beacon Health System,http://accme.org/cme-provider-directory/www.beaconhealthsystem.org,10749,Beacon Health System,1
Behavioral Tech Institute,http://www.behavioraltech.org/,,,
Berkshire Health Systems,http://www.berkshirehealthsystems.org/,,,
Beth Israel Deaconess Hospital – Milton,http://www.bidmilton.org/,,,
Beth Israel Deaconess Hospital – Needham,http://www.bidneedham.org/,,,
Beth Israel Deaconess Hospital – Plymouth,http://www.bidplymouth.org/,,,
Beverly Hospital – A Member of Lahey Health,http://www.beverlyhospital.org/,,,
Billings Clinic,https://www.billingsclinic.com/,1699,Billings Clinic,1
Binaytara,https://binayfoundation.org/,,,
Bingham Memorial Hospital,https://www.binghammemorial.org/,,,
Blue Cross Blue Shield of Massachusetts,https://www.bluecrossma.org/,,,
BoardVitals,https://www.boardvitals.com/,43840,BoardVitals,1
Bon Secours Mercy Health Center for Continuing Education,https://www.mercy.com/,,,
Bone Health and Osteoporosis Foundation,https://www.bonehealthandosteoporosis.org/,,,
BorderRAC,http://www.borderrac.org/,,,
Boston Children’s Hospital,http://www.bostonchildrens.org/,16918,Boston Children’s Hospital,1
Boston University Chobanian & Avedisian School of Medicine,http://cme.bu.edu/,,,
Boulder Community Health (BCH),https://www.bch.org/,4778,Boulder Community Health (BCH),1
Bridgeport Hospital,http://www.bridgeporthospital.org/,4791,Bridgeport Hospital,1
Brody School of Medicine at East Carolina University,http://www.ecu.edu/cme,,,
Broward Health,http://www.browardhealth.org/cme,4381,Broward Health,1
"Bureau of Infectious Disease and Laboratory Sciences, MA Department of Public Health",http://www.mass.gov/dph,,,
Butler Hospital,http://accme.org/cme-provider-directory/www.butler.org,4396,Butler Hospital,1
California Academy of Family Physicians,http://www.familydocs.org/,,,
California Association of Long Term Care Medicine,http://www.caltcm.org/,,,
California Correctional Health Care Services,http://www.cchcs.ca.gov/,6360,California Correctional Health Care Services,1
California Heart Center Foundation,http://accme.org/cme-provider-directory/www.calheart.org,,,
California Medical Association,http://www.cmadocs.org/cme,,,
"California Northstate University, College of Medicine",http://www.cnsu.edu/,,,
California Orthopaedic Association,http://www.coa.org/,,,
California Pacific Medical Center,http://www.cpmc.org/,,,
California Primary Care Association,http://www.cpca.org/,,,
California Society of Addiction Medicine,http://csam-asam.org/,,,
California Society of Anesthesiologists,http://www.csahq.org/,,,
California Society of Industrial Medicine/Surgery,http://accme.org/cme-provider-directory/www.csims.org,,,
California Society of Physical Medicine & Rehabilitation,http://accme.org/cme-provider-directory/www.cspmr.com,,,
CAMC Institute for Academic Medicine,http://www.camcinstitute.org/,,,
Capital Health System,http://www.capitalhealth.org/,,,
Cardea Services,http://accme.org/cme-provider-directory/www.cardeaservices.org,688,Cardea Services,1
Cardiovascular Research Foundation,http://www.crf.org/,,,
Carlat CME Institute,http://www.thecarlatreport.com/,,,
Carle Health System,https://cmetracker.net/CARLE,,,
Carolina Ear Research Institute,http://www.carolinaear.org/,6361,Carolina Ear Research Institute,1
Case Western Reserve University School of Medicine,http://casemed.case.edu/cme,,,
Catawba Valley Medical Center,http://www.catawbavalleymedical.org/,,,
CE Group,http://accme.org/cme-provider-directory/www.cegrouponline.com,,,
CE Learning Systems,https://celearningsystems.com/,,,
Cedars-Sinai Health Sciences University,http://www.csmc.edu/,,,
Centene Institute for Advanced Health Education,https://lms.centenetraining.com/,49230,Centene Institute for Advanced Health Education,1
Center for Emergency Medical Education,http://www.ceme.org/,7410,Center for Emergency Medical Education,1
Center for Occupational and Environmental Health (COEH),http://coeh.berkeley.edu/ce,6374,Center for Occupational and Environmental Health (COEH),1
Center of Excellence In Education,http://www.ceemed.com/,,,
Centers for Disease Control and Prevention,https://www.cdc.gov/training/learning/,,,
Centra,https://www.centrahealth.com/,,,
CentraCare,http://accme.org/cme-provider-directory/www.centracare.com,,,
Central Regional Hospital,http://www.dhhs.state.nc.us/MHDDSAS/centralhospital/,,,
Centrastate Medical Center,http://www.centrastate.com/,,,
Cerner Corporation,http://cerner.com/,1677,Cerner Corporation,1
"Charles E. Schmidt College of Medicine, Florida Atlantic University",https://www.fau.edu/medicine/,,,
Charles R. Drew University of Medicine & Science,http://www.cdrewu.edu/,,,
Chesapeake Health Education Program (CHEP),http://www.chepinc.org/,,,
Chicago Medical School at Rosalind Franklin University of Medicine and Science,http://www.rosalindfranklin.edu/,,,
Chicago Medical Society,http://www.cmsdocs.org/,,,
Children’s Healthcare of Atlanta,http://www.choa.org/,,,
Children’s Hospital & Medical Center,http://www.childrensnebraska.org/,,,
Children’s Hospital Association,https://www.childrenshospitals.org/,,,
Children’s Hospital Colorado,http://www.childrenscolorado.org/,6398,Children’s Hospital Colorado,1
Children’s Hospital Los Angeles,https://www.chla.org/continuing-medical-education-department,,,
Children’s Hospital of Orange County,http://www.choc.org/,,,
Children’s Hospital of Philadelphia,http://www.chop.edu/cme,,,
Children’s Mercy Hospital,http://www.childrensmercy.org/,,,
Children’s National Hospital,https://www.childrensnational.org/,,,
Chinese Hospital,http://accme.org/cme-provider-directory/www.chinesehospital-sf.org,,,
Christian Medical & Dental Associations (CMDA),http://www.cmda.org/,2551,Christian Medical & Dental Associations (CMDA),1
CHRISTUS Health – Northeast Texas Region,http://www.christushealth.org/,,,
Christus Santa Rosa Health Care,http://www.christussantarosa.org/,3015,Christus Santa Rosa Health Care,1
Cicatelli Associates Inc.,http://caiglobal.org/,,,
Cincinnati Children’s Hospital Medical Center,http://accme.org/cme-provider-directory/www.cincinnatichildrens.org,,,
"Cine-Med, Inc.",http://www.cine-med.com/,18232,"Cine-Med, Inc.",1
City of Hope,http://www.coh.org/,"4477,10188,36387","City of Hope,City of Hope,City of Hope","1,1,1"
Civil Aerospace Medical Institute (FAA),http://www.faa.gov/about/office_org/headquarters_offices/avs/offices/aam/cami/,,,
Clark County Medical Society,http://accme.org/cme-provider-directory/www.clarkcountymedical.org,,,
Cleveland Clinic Abu Dhabi (CCAD),https://www.clevelandclinicabudhabi.ae/,8030,Cleveland Clinic Abu Dhabi (CCAD),1
Cleveland Clinic Center for Continuing Education,http://www.clevelandclinicmeded.com/,"5290,8657","Cleveland Clinic Center for Continuing Education,Cleveland Clinic Center for Continuing Education","1,1"
"Clinical Care Options, LLC (dba Decera Clinical Education)",https://www.clinicaloptions.com/,,,
CME Consultants,http://www.cmeconsultants.com/,3043,CME Consultants,1
"CME Institute of Physicians Postgraduate Press, Inc.",http://www.cmeinstitute.com/,,,
"CME Outfitters, LLC",http://www.cmeoutfitters.com/,"6419,24848","CME Outfitters, LLC,CME Outfitters, LLC","1,1"
"CME Procedures, LLC",http://www.cmeprocedures.com/,,,
CME Solutions,http://www.cmesolutions.org/,,,
Coastal Aesthetic Training Institute (CATI),http://accme.org/cme-provider-directory/www.coastalaesthetictraining.com,53136,Coastal Aesthetic Training Institute (CATI),1
Coleman Associates,https://colemanassociates.com/,,,
College of American Pathologists,http://www.cap.org/,,,
College of Community Health Sciences at the University of Alabama,https://cchs.ua.edu/,,,
College of Long Term Care,http://collegeltc.com/,51298,College of Long Term Care,1
College of Physicians & Surgeons Pakistan,https://www.cpsp.edu.pk/,,,
Colorado Medical Society,http://www.cms.org/,,,
Colquitt Regional Medical Center,https://colquittregional.com/,,,
Columbia University Vagelos College of Physicians and Surgeons,https://ps.columbia.edu/cme,,,
CommonSpirit,https://www.commonspirit.org/,51375,CommonSpirit,1
Community Health Center Association of MS,http://accme.org/cme-provider-directory/www.chcams.org,,,
Community Hospital,http://www.yourcommunityhospital.com/,6428,Community Hospital,1
Community Hospital of San Bernardino,https://www.dignityhealth.org/socal/locations/san-bernardino,,,
Community Hospital of the Monterey Peninsula,http://www.chomp.org/,,,
Community Medical Centers,http://communitymedical.org/,3066,Community Medical Centers,1
Community Memorial Hospital,http://accme.org/cme-provider-directory/www.cmhshealth.org,9612,Community Memorial Hospital,1
Compass Behavioral Health,http://accme.org/cme-provider-directory/www.compassbehavioralhealth.com,,,
Compass Healthcare Collaborative,https://www.compasshcc.org/,52765,Compass Healthcare Collaborative,1
Concentra Occupational Health Research Institute,http://cohri.com/,,,
Concord Hospital,http://www.concordhospital.org/,6434,Concord Hospital,1
Conemaugh Health System,http://www.conemaugh.org/,3068,Conemaugh Health System,1
Congress of Neurological Surgeons,http://www.cns.org/,47314,Congress of Neurological Surgeons,1
Connecticut Children’s,https://www.connecticutchildrens.org/education-and-training/continuing-medical-education/,,,
Connecticut Society of Eye Physicians,http://www.connecticutsocietyofeyephysicians.com/meetings.html,,,
Connecticut Valley Hospital,https://portal.ct.gov/OCPD/Contact-Info/xOffice-Directions/Connecticut-Valley-Hospital,6438,Connecticut Valley Hospital,1
Consortium of Multiple Sclerosis Centers,https://www.mscare.org/,,,
"Continuing Education Company, Inc.",http://www.cmemeeting.org/,,,
"Continuing Education, Inc./University at Sea",https://continuingeducation.net/schedule.php,,,
ConvenientMD,https://convenientmd.com/,,,
Cook Children’s Health Care System,http://accme.org/cme-provider-directory/www.cookchildrens.org,,,
Cooperative of American Physicians-MPT,http://capphysicians.com/,,,
COPIC Insurance,https://www.copic.com/,3082,COPIC Insurance,1
Corewell Health Southeast Michigan,http://www.beaumont.edu/cme,,,
Corewell Health- West Michigan,https://www.spectrumhealth.org/medicaleducation/educational-events-and-opportunities/cme,,,
"Correct Care, Inc.",http://accme.org/cme-provider-directory/www.correctcareinc.com,6444,"Correct Care, Inc.",1
Covenant Health,http://www.covenanthealth.org/,3084,Covenant Health,1
Covenant Healthcare College of Medicine at Central Michigan University,http://accme.org/cme-provider-directory/med.cmich.edu/cme,,,
CoxHealth,http://www.coxhealth.com/,6446,CoxHealth,1
Crashing Patient LLC,https://crashingpatient.org/,,,
"Creative Educational Concepts, Inc.",http://www.ceconcepts.com/,,,
Creedmoor Psychiatric Center,https://omh.ny.gov/omhweb/facilities/crpc/docs/residencyprogram.pdf,6447,Creedmoor Psychiatric Center,1
Creighton University Health Sciences Continuing Education,http://healthsciences.creighton.edu/,,,
CRICO-RMF,http://rmf.harvard.edu/,,,
"CrossFit, LLC",https://www.crossfit.com/,,,
Crouse Hospital,http://www.crouse.org/,,,
Culinary Medicine Specialist Board DBA American College of Culinary Medicine,http://accme.org/cme-provider-directory/cullinarymedicine.org,,,
Curi,http://www.curi.com/,,,
Current Concepts Institute,http://www.ccimeetings.com/,,,
Curry International Tuberculosis Center,https://www.currytbcenter.ucsf.edu/,,,
Cuyuna Regional Medical Center,http://accme.org/cme-provider-directory/www.cuyunamed.org,,,
Dade County Medical Association,http://www.miamimed.com/,,,
Dannemiller,https://www.dannemiller.com/,,,
Dartmouth Health,https://www.dartmouth-hitchcock.org/,1912,Dartmouth Health,1
David Geffen School of Medicine at UCLA,https://medschool.ucla.edu/education/center-for-continuing-professional-development,,,
Day Kimball Hospital,http://www.daykimball.org/,,,
Dayton Children’s Hospital,http://accme.org/cme-provider-directory/www.childrensdayton.org,,,
Decatur County Memorial Hospital,https://www.dcmh.net/,,,
"Defense Health Agency, J7, Continuing Education Program Office",http://accme.org/cme-provider-directory/www.DHAJ7-CEPO.com,,,
Delta Health,https://www.deltahospital.org/,,,
Denver Prevention Training Center,http://www.denverptc.org/,6467,Denver Prevention Training Center,1
Department of Justice Federal Bureau of Prisons Health Services Division,http://www.bop.gov/,,,
"Department of Veterans Affairs (VA), Veterans Health Administration (VHA)",https://www.va.gov/,,,
Derma Medical,https://dermamedical.us/,,,
Des Moines University,http://www.dmu.edu/,,,
Desert Oasis Healthcare,http://accme.org/cme-provider-directory/www.mydohc.com,,,
DHR Health,http://www.dhr-rgv.com/,,,
Dignity Health,https://ww2.highmarksce.com/dignityhealthcme/,23196,Dignity Health,1
Dignity Health St. Mary Medical Center,http://www.dignityhealth.org/stmarymedical/,3113,Dignity Health St. Mary Medical Center,1
"Doctors Company, The",http://www.thedoctors.com/,,,
Doheny Eye Institute,http://accme.org/cme-provider-directory/www.doheny.org,,,
Dolly Parton Children’s Hospital,http://www.etch.com/,,,
Doylestown Health,https://www.doylestownhealth.org/,18768,Doylestown Health,1
Dr. John C. Corrigan Mental Health Center and Taunton State Hospital Collaborative Program for Continuing Medical Education,http://www.mass.gov/eohhs/gov/departments/dmh/,9685,Dr. John C. Corrigan Mental Health Center and Taunton State Hospital Collaborative Program for Continuing Medical Education,1
DrBeen Corp,https://www.drbeen.com/,,,
Drexel University College of Medicine,https://drexel.edu/medicine/academics/continuing-education/continuing-medical-education-program/,2630,Drexel University College of Medicine,1
Driscoll Health System,http://www.driscollchildrens.org/,,,
Duke University Health System Department of Clinical Education & Professional Development,https://ja.dh.duke.edu/,,,
DxTx Pain and Spine LLC,http://accme.org/cme-provider-directory/www.dxtxpas.com,,,
DynaMed,http://accme.org/cme-provider-directory/dynamed.com,,,
"e2o Health, Inc",https://www.compliancewatchdog.com/,,,
Eating Recovery Center and Pathlight Mood and Anxiety Center,http://accme.org/cme-provider-directory/www.eatingrecoverycenter.com,,,
EB Medicine,http://www.ebmedicine.net/,6488,EB Medicine,1
ECRI Institute,http://www.ecri.org/,6070,ECRI Institute,1
"Educational Symposia, Inc.",http://www.edusymp.com/,,,
Edward Via College of Osteopathic Medicine,http://accme.org/cme-provider-directory/www.vcom.edu,,,
"Efficiency Learning Systems, Inc.",https://cme.effsystems.com/,,,
El Camino Hospital,http://www.elcaminohospital.org/,3132,El Camino Hospital,1
Elsevier Office of Continuing Medical Education,https://elsevierresources.com/eocpd/#,,,
Emanate Health Intercommunity Hospital,http://accme.org/cme-provider-directory/www.emanatehealth.org,,,
EMC of TeamHealth,https://www.teamhealth.com/,,,
eMedEd,http://emeded.org/,,,
"EMedHome.com, Inc.",http://www.emedhome.com/,,,
Emergency Physicians Professional Association,http://accme.org/cme-provider-directory/www.eppahealth.com,,,
Emergent Medical Associates,http://accme.org/cme-provider-directory/www.ema.us,,,
Emerson Hospital,http://www.emersonhospital.org/,3140,Emerson Hospital,1
Emory University School of Medicine,http://www.emory.edu/CME,1898,Emory University School of Medicine,1
EmPRO,http://www.myempro.com/,,,
Endeavor Health: Edward-Elmhurst Hospitals Accredited CME Program,http://accme.org/cme-provider-directory/www.eehealth.org,,,
Endocrine Society,http://www.endocrine.org/,2157,Endocrine Society,1
"Enlighten Medical Media, LLC",https://enlightenmedicalmedia.com/,,,
Equip,https://equip.health/,,,
ESI Management,http://accme.org/cme-provider-directory/esimgt.com,6508,ESI Management,1
Essentia Health,http://accme.org/cme-provider-directory/www.essentiahealth.org/CME,6509,Essentia Health,1
Essential Access Health,http://accme.org/cme-provider-directory/www.essentialaccess.org,3298,Essential Access Health,1
Essential CME Inc.,http://www.essentialcmeinc.com/,3145,Essential CME Inc.,1
Evergreenhealth,https://www.evergreenhealth.com/,,,
Evolve Medical Education LLC,http://www.evolvemeded.com/,,,
EXCEL Continuing Education,http://www.excelcme.com/,6512,EXCEL Continuing Education,1
Exigent Medical Education,https://exigentmeded.com/,,,
"Exodus Recovery, Inc.",http://exodusrecoveryinc.com/,6516,"Exodus Recovery, Inc.",1
Fairfield Medical Center,http://www.fmchealth.org/,6518,Fairfield Medical Center,1
Faith Regional Health Services,http://www.frhs.org/,6521,Faith Regional Health Services,1
Federation of State Medical Boards (FSMB),http://www.fsmb.org/,1919,Federation of State Medical Boards (FSMB),1
Firsthealth of the Carolinas,http://www.firsthealth.org/,4370,Firsthealth of the Carolinas,1
Florida Academy of Family Physicians,http://www.fafp.org/,,,
Florida Association for the Study of Headache & Neurological Disorders,http://accme.org/cme-provider-directory/FLASHneuro.org,,,
Florida Medical Association,http://www.flmedical.org/,,,
Florida Psychiatric Society,http://www.floridapsych.org/,,,
Florida Society of Clinical Oncology,https://flasco.org/,,,
Flushing Hospital Medical Center,http://www.flushinghospital.org/,,,
Food & Drug Administration – Center for Drug Evaluation & Research,http://accme.org/cme-provider-directory/ceportal.fda.gov,,,
Foundation for Advanced Cardiovascular Education and Training (FACET) at The Heart Hospital Baylor Plano,http://accme.org/cme-provider-directory/www.thefacet.org,,,
Foundation for Care Management,http://www.fcmcme.org/,,,
Foundation for Wellness,http://accme.org/cme-provider-directory/foundationforwellness.com,7215,Foundation for Wellness,1
"France Foundation, The",http://www.francefoundation.com/,,,
Franciscan Health,http://franciscanalliance.org/,,,
Frank Moya Continuing Education Programs LLC,http://www.currentreviews.com/,,,
Frederick Memorial Hospital,http://www.frederickhealth.org/,,,
Fresno-Madera Medical Society,http://www.fmms.org/,,,
Gaylord Hospital,http://www.gaylord.org/,,,
Geisinger College of Health Sciences,http://www.geisinger.org/,,,
Giblib,http://accme.org/cme-provider-directory/www.giblib.com,,,
Gillette Children’s Specialty Healthcare,http://accme.org/cme-provider-directory/www.gillettechildrens.org,,,
"Gladwell CME, LLC",https://gladwellcme.com/,,,
Glendale Memorial Hospital and Health Center,http://accme.org/cme-provider-directory/commonspirit.org,6562,Glendale Memorial Hospital and Health Center,1
Global Cardiovascular Academy,http://accme.org/cme-provider-directory/globalcardioacademy.org,,,
"Global Education Group, Ltd.",http://www.globaleducationgroup.com/,,,
Global Learning Collaborative,http://www.glc.healthcare/,,,
"GOG Foundation, Inc., The",http://www.gog.org/,,,
Good Samaritan Hospital,http://www.goodsamhosp.org/,,,
Good Samaritan Medical Center,http://goodsamaritanmc.com/,"3170,3171","Good Samaritan Medical Center,Good Samaritan Medical Center","1,1"
Goshen Hospital,http://accme.org/cme-provider-directory/www.goshenhealth.com,,,
"Governance Institute, The",http://www.governanceinstitute.com/,,,
Great Valley Publishing Company,http://accme.org/cme-provider-directory/www.gvpub.com,,,
Greater Baltimore Medical Center,http://www.gbmc.org/,,,
Greenwich Hospital,http://accme.org/cme-provider-directory/www.greenwichhospital.org,6581,Greenwich Hospital,1
Griffin Hospital,http://www.griffinhealth.org/,,,
Gritman Medical Center,https://gritman.org/,6584,Gritman Medical Center,1
Guadalupe Regional Medical Center,http://grmedcenter.com/,,,
Guam Memorial Hospital Authority,http://www.gmha.org/,,,
GuideStar Eldercare,http://accme.org/cme-provider-directory/www.guidestareldercare.com,,,
Gulfcoast Ultrasound Institute,http://www.gcus.com/,,,
Gynesim Inc.,https://www.gynesim.com/,,,
"Hackensack Meridian, JFK University Medical Center",https://jfkmc.org/,,,
Halifax Health Medical Center,http://www.halifaxhealth.org/,,,
Hamad Interprofessional Education and Training (HIPET),https://www.hamad.qa/,,,
Harris County Institute of Forensic Sciences,https://ifs.harriscountytx.gov/,,,
Hartford HealthCare,https://hhchealth.cloud-cme.com/,,,
Harvard Medical School,https://postgraduateeducation.hms.harvard.edu/continuing-medical-education,32252,Harvard Medical School,1
Harvard T.H. Chan School of Public Health,https://www.hsph.harvard.edu/ecpe/,"351,3301","Harvard T.H. Chan School of Public Health,Harvard T.H. Chan School of Public Health","1,1"
"Hatherleigh Company Limited, The",http://www.hatherleigh.com/,,,
Hawaii Pacific Health,http://www.hawaiipacifichealth.org/,,,
Hawaii Permanente Medical Group,http://www.kp.org/,,,
Haymarket Medical Education,https://www.haymarketmedicaleducation.com/,,,
HCA Healthcare Continental Division,https://www.healthonecares.com/,,,
HCA Healthcare Graduate Medical Education,http://hcahealthcare.com/physicians/graduate-medical-education/,,,
"HCA Healthcare, Inc.",http://hcahealthcare.com/,,,
HCPro,http://www.hcpro.com/,,,
Healogics,http://www.healogics.com/,6606,Healogics,1
Health Officers Assoc. of California,http://accme.org/cme-provider-directory/www.yourhoac.org,,,
Health Professional Development Center (HPDC) at the American University of Beirut Medical Center,http://website.aub.edu.lb/fm/cme/Pages/index.aspx,,,
Health Research and Educational Trust of New Jersey (HRET),http://www.njha.com/,,,
Health Sciences Educational Institute Corp.,https://www.hseic.org/,,,
Healthcare Alliance for Medical Education,https://hamedu.org/,,,
HealthHIV,http://accme.org/cme-provider-directory/www.healthhiv.org,43479,HealthHIV,1
HealthPartners,http://www.cme.healthpartners.com/,,,
"HealthStream, Inc.",http://www.healthstream.com/,,,
Healthyhorns,http://healthyhorns.utexas.edu/,,,
Heart Rhythm Society,http://www.hrsonline.org/,,,
Helms Medical Institute,http://www.hmieducation.com/,,,
Hendrick Health,http://www.ehendrick.org/,,,
Hennepin Healthcare,http://accme.org/cme-provider-directory/www.hennepinhealthcare.org,6620,Hennepin Healthcare,1
Henry Ford Health,https://www.henryford.com/,,,
Hippo Education,http://www.hippoed.com/,,,
HMP Education,http://accme.org/cme-provider-directory/www.hmpeducation.com,1984,HMP Education,1
Hoag Memorial Hospital Presbyterian,http://www.hoag.org/cme,9631,Hoag Memorial Hospital Presbyterian,1
"Holiday Seminars, Inc.",http://www.holidayseminars.com/,1493,"Holiday Seminars, Inc.",1
Holmes Regional Medical Center,http://hf.org/,,,
Holy Cross Hospital,http://www.holycrosshospital.org/,3342,Holy Cross Hospital,1
Holy Name Medical Center,http://www.holyname.org/,6631,Holy Name Medical Center,1
Holyoke Medical Center,http://www.holyokehealth.com/,,,
"Horizon CME, Inc.",http://www.horizoncme.com/,,,
Hospice of the Valley,https://www.hov.org/,6634,Hospice of the Valley,1
Hospital for Special Surgery,http://www.hss.edu/,,,
Houston Methodist,http://www.houstonmethodist.org/cme,20014,Houston Methodist,1
"Howard University College of Medicine, Office of Continuing Medical Education",http://www.med.howard.edu/,5017,"Howard University College of Medicine, Office of Continuing Medical Education",1
Humboldt Park Hospital,http://hph.care/,,,
Humboldt- Del Norte Consortium for CME,http://www.hdncms.org/,,,
Huntington Memorial Hospital,https://www.huntingtonhospital.org/,,,
Huntsville Hospital,http://www.huntsvillehospital.org/,,,
Hurley Medical Center,http://www.hurleymc.com/,6646,Hurley Medical Center,1
"Huron Consulting Services, LLC",https://www.huronconsultinggroup.com/,,,
i3 Health,http://www.i3health.com/,18666,i3 Health,1
Icahn School of Medicine at Mount Sinai,http://www.mssm.edu/cme,35194,Icahn School of Medicine at Mount Sinai,1
Illinois Academy of Family Physicians Family – Practice Education Network,http://www.iafp.com/,,,
"Illinois Chapter, American Academy of Pediatrics",http://www.illinoisaap.org/,,,
Illinois State Medical Society,http://www.isms.org/,,,
Immunoglobulin National Society (IgNS),http://accme.org/cme-provider-directory/www.ig-ns.org,9969,Immunoglobulin National Society (IgNS),1
"ImPACT Applications, Inc.",http://www.concussionmanagement.com/,,,
"Impact, Inc.",http://accme.org/cme-provider-directory/www.southeastpcp.com,6651,"Impact, Inc.",1
Indian Health Service Clinical Support Center,https://www.ihs.gov/csc/,,,
Indiana Department of Health,https://www.in.gov/isdh,,,
Indiana State Medical Association,http://www.ismanet.org/,,,
Indiana University Health,https://iuhealth.org/,19220,Indiana University Health,1
Indiana University School of Medicine,https://medicine.iu.edu/continuing-education,51317,Indiana University School of Medicine,1
Infectious Disease Association of California,http://www.idac.org/,,,
Infectious Diseases Society of America,http://www.idsociety.org/,,,
Infinite Legacy,https://www.infinitelegacy.org/,,,
"Informed Horizons Education, Inc.",http://www.informedhorizonseducation.com/,,,
"Innovation Horizons, Inc",http://www.innovationhorizons.net/,,,
Innovative Healthcare Institute (IHCI),https://innovativehealthcareinstitute.com/,,,
Institute for Advanced Medical Education,http://www.iame.com/,,,
Institute for Functional Medicine,http://www.ifm.org/,7305,Institute for Functional Medicine,1
Institute for Healthcare Improvement,http://www.ihi.org/,5054,Institute for Healthcare Improvement,1
Institute for International Medicine,http://www.inmed.us/,,,
"Institute for Medical and Nursing Education, The",http://www.imne.com/,,,
Instituto de Educacion Medica Continuada Colegio de Medicos Cirujanos de Puerto Rico,http://www.colegiomedicopr.org/,,,
Integris Group,http://accme.org/cme-provider-directory/www.integrisgrp.com,,,
Integris Health Systemwide,https://integris.cloud-cme.com/default.aspx,,,
Integritas Communications,http://integritasgrp.com/,46221,Integritas Communications,1
"Integrity CE, LLC",http://www.integrityce.com/,,,
"Intellectures, Inc.",http://accme.org/cme-provider-directory/www.intellectures.com,,,
Intermountain Health,https://intermountainhealthcare.org/for-professionals/ipce,52279,Intermountain Health,1
International Academy of Independent Medical Evaluators,http://www.iaime.org/,,,
International Anesthesia Research Society,http://www.iars.org/,7435,International Anesthesia Research Society,1
International Antiviral Society-USA (IAS-USA),http://www.iasusa.org/,2517,International Antiviral Society-USA (IAS-USA),1
International Association for the Study of Lung Cancer,http://www.iaslc.org/,,,
"International College of Surgeons, United States Section",http://www.ficsonline.org/,,,
International Institute for Continuing Medical Education,http://www.iicme.net/,,,
International Pain & Spine Intervention Society,http://www.ipsismed.org/,,,
International Parkinson and Movement Disorder Society,http://www.movementdisorders.org/,7375,International Parkinson and Movement Disorder Society,1
International Society for Heart And Lung Transplantation,http://www.ishlt.org/,,,
International Society for Magnetic Resonance in Medicine,http://www.ismrm.org/,,,
International Society of Hair Restoration Surgery,http://www.ishrs.org/,,,
Interstate Postgraduate Medical Association of North America,http://www.ipmameded.org/,,,
"Islamic Medical Association of North America, The",http://accme.org/cme-provider-directory/www.imana.org/cme,,,
Jaseng Hospital of Korean Medicine,http://www.jaseng.education/,51299,Jaseng Hospital of Korean Medicine,1
John D. Archbold Memorial Hospital,http://accme.org/cme-provider-directory/www.archbold.org,,,
"John Wiley & Sons, Inc.",http://www.wileyhealthlearning.com/,,,
"Johns Hopkins University, School of Medicine",http://www.hopkinscme.edu/,,,
Joint Commission,http://www.jointcommission.org/,,,
Journal of Bone & Joint Surgery Inc.,http://www.jbjs.org/,,,
Jump Trading Simulation & Education Center,http://jumpsimulation.org/,44484,Jump Trading Simulation & Education Center,1
Jupiter Medical Center,http://www.jupitermed.com/,,,
Kaiser Foundation Health Plan of Washington,https://wa.kaiserpermanente.org/,,,
Kaiser Foundation Hospital – GSAA (Greater Southern Alameda Area),https://tpmgphysicianed.org/greater-southern-alameda-area/group/greater-southern-alameda-area,,,
Kaiser Permanente Medical Center- Redwood City,https://thrive.kaiserpermanente.org/care-near-you/northern-california/redwoodcity/,4493,Kaiser Permanente Medical Center- Redwood City,1
Kaiser Permanente National CME Program,https://permanente.org/the-permanente-federation,,,
Kaiser Permanente- Central Valley,http://maile.a.laban@kp.org/,9697,Kaiser Permanente- Central Valley,1
Kaiser Permanente- South San Francisco,https://sp-cloud.kp.org/sites/KPSSFContinuingMedicalEducation?FollowSite=1&SiteName=KP+SSF+Continuing+Medical+Education,,,
"Kansas Chapter, American Academy of Pediatrics",http://www.kansasaap.org/,,,
Kansas City Southwest Clinical Society,http://www.kcswcs.org/,,,
Kaplan Medical Education,http://accme.org/cme-provider-directory/www.kaplanmedicaleducation.com,,,
Keck School of Medicine of the University of Southern California,http://usccme.usc.edu/,,,
Kent County Hospital,http://accme.org/cme-provider-directory/www.kentri.org,,,
Kentucky Medical Association,http://www.kyma.org/,,,
Kern County Public Health,https://kernpublichealth.com/,,,
Kern Medical Center,https://www.kernmedical.com/programs/continuing-medical-education-cme-/,,,
Kettering Health Network,http://khnetwork.org/med-ed/kettering/cme,48256,Kettering Health Network,1
"Kindred Hospital, Los Angeles",http://accme.org/cme-provider-directory/jmhourani@aol.com,,,
King Fahad Medical City,https://www.kfmc.med.sa/,47486,King Fahad Medical City,1
King Faisal Specialist Hospital and Research Centre (General Organization) – Jeddah,https://www.kfshrc.edu.sa/en/home,,,
Kirk Kerkorian School of Medicine at UNLV,https://www.unlv.edu/medicine,,,
Knapp Medical Center,http://www.knappmed.org/,,,
Kootenai Health Medical Education,https://www.kh.org/,,,
Kuakini Medical Center,http://www.kuakini.org/,,,
LA Care Health Plan,http://lacare.org/,,,
"Lahey Clinic Hospital, Inc.",http://www.lahey.org/,4749,"Lahey Clinic Hospital, Inc.",1
Lakeland Care CME,https://lakelandcare.com/service/lakeland-care-cme,,,
LAMMICO/Medical Interactive,http://www.lammico.com/,,,
Larkin Community Hospital,https://www.graduatemedicaleducation.org/department-of-research-and-academic-affairs/,,,
Legacy Health System,http://www.legacyhealth.org/for-health-professionals/education-for-health-professionals/continuing-medical-education.aspx,,,
Lehigh Valley Health Network,http://www.lvhn.org/,,,
Lewis Katz School of Medicine at Temple University,http://www.temple.edu/CME,1965,Lewis Katz School of Medicine at Temple University,1
Liberty University College of Osteopathic Medicine,http://www.liberty.edu/,,,
Lifelong Medical Care,https://lifelongmedical.org/,4996,Lifelong Medical Care,1
"Lippincott Continuing Medical Education Institute, Inc.",https://www.wolterskluwer.com/en/solutions/lippincott-ce-connection,,,
Loma Linda University School of Medicine,http://www.llu.edu/,9632,Loma Linda University School of Medicine,1
Long Beach Memorial Medical Center,http://www.memorialcare.org/,5035,Long Beach Memorial Medical Center,1
Los Angeles County Department of Public Health,http://publichealth.lacounty.gov/cme/,3446,Los Angeles County Department of Public Health,1
Los Angeles Metropolitan Dermatological Soc.,http://accme.org/cme-provider-directory/lamds.org,,,
Los Angeles Society of Plastic Surgeons,http://www.lasps.org/,,,
Louisiana AAP,http://accme.org/cme-provider-directory/www.laaap.org,,,
Louisiana Regional Physician Hospital Organization,http://lrpho.com/,,,
"Louisiana State University Health Sciences Center-Shreveport, School of Medicine",https://www.lsuhs.edu/,,,
"Louisiana State University School of Medicine, New Orleans",http://www.medschool.lsuhsc.edu/medical_education/CME/,,,
Lowell General Hospital,http://www.lowellgeneral.org/,5114,Lowell General Hospital,1
"Loyola University, Stritch School of Medicine",https://www.luc.edu/stritch/cme/,,,
Lutheran Health Network,https://www.lutheranhealth.net/,,,
M Health Fairview,https://mhealthfairview.org/,,,
Macon and Joan Brock Virginia Health Sciences at Old Dominion University (BVHSO),http://www.evms.edu/,,,
Mag Mutual Insurance Company,http://accme.org/cme-provider-directory/www.magmutual.com,,,
Maimonides Medical Center,http://www.maimo.org/,5130,Maimonides Medical Center,1
Main Line Health,http://www.mainlinehealth.org/,5131,Main Line Health,1
MaineHealth d/b/a Maine Medical Center,http://accme.org/cme-provider-directory/mmc.org,,,
Making a Difference in Infectious Diseases (MAD-ID),https://mad-id.org/,19491,Making a Difference in Infectious Diseases (MAD-ID),1
MarinHealth Medical Center,https://www.mymarinhealth.org/,,,
Marquette General Hospital,https://lifepointhealth.sharepoint.com/sites/MGHS_Portal,,,
Marshall Medical Center,http://accme.org/cme-provider-directory/www.marshallmedicalcenter.org,6678,Marshall Medical Center,1
Marshall University Joan C. Edwards School of Medicine,https://jcesom.marshall.edu/continuing-medical-education/,6679,Marshall University Joan C. Edwards School of Medicine,1
Mary Free Bed Rehabilitation Hospital,http://www.maryfreebed.com/,6683,Mary Free Bed Rehabilitation Hospital,1
Mary Greeley Medical Center,http://www.mgmc.org/,,,
Mary Lanning Memorial Health Care,http://www.marylanning.org/,,,
Mass General Brigham,https://www.massgeneralbrigham.org/,,,
"Massachusetts Institute for Psychoanalysis, Inc.",http://www.mipboston.org/,,,
Massachusetts Medical Society,http://www.massmed.org/,,,
Massachusetts Psychiatric Society,http://www.psychiatry-mps.org/,,,
Master Clinicians,https://masterclinicians.net/,44425,Master Clinicians,1
Maui Health System,http://accme.org/cme-provider-directory/www.mauihealthsystem.org,,,
MAVEN Project,https://mavenproject.org/,,,
Mayo Clinic College of Medicine and Science,https://ce.mayo.edu/,"10126,21103","Mayo Clinic College of Medicine and Science,Mayo Clinic College of Medicine and Science","1,1"
MCE Conferences,http://accme.org/cme-provider-directory/www.mceconferences.com,"3619,3814","MCE Conferences,MCE Conferences","1,1"
McGovern Medical School at the University of Texas Health Science Center at Houston,https://med.uth.edu/,,,
McLaren Health Care,https://www.mclaren.org/main/interprofessional-continuing-education,2981,McLaren Health Care,1
McLean Hospital,http://www.mcleanhospital.org/,6695,McLean Hospital,1
McLeod Regional Medical Center,http://accme.org/cme-provider-directory/www.mcleodhealth.org,,,
Med Learning Group,http://www.medlearninggroup.com/,6699,Med Learning Group,1
Med-IQ,http://www.med-iq.com/,6716,Med-IQ,1
Medality,http://www.mrionline.com/,,,
"MEDCHI, Maryland State Medical Society",http://www.medchi.org/,,,
"MedEdicus, LLC",http://www.mededicus.com/,,,
MedExpert Group of Companies,http://med-expert.com.ua/en/,,,
"Medical Academy, LLC",https://medicalacademy.com/,,,
Medical City Dallas Hospital,http://www.medicalcityhospital.com/,,,
Medical College of Georgia at Augusta University,https://www.augusta.edu/mcg/academic-affairs/faculty-development-and-educational-research/cme/index.php,,,
"Medical College of Wisconsin, Inc., The",http://www.mcw.edu/,,,
Medical Education Resources,http://www.cmepartner.org/,7257,Medical Education Resources,1
Medical Educational Council of Pensacola,http://www.mecop.org/,,,
Medical Group Management Association,http://www.mgma.com/,,,
"Medical Learning Institute, Inc.",http://www.mlieducation.org/,,,
"Medical Letter, The",http://www.medicalletter.org/,,,
Medical Mutual Liability Insurance Society of Maryland,http://www.weinsuredocs.com/,6710,Medical Mutual Liability Insurance Society of Maryland,1
Medical Professional Liability Association,http://www.mplassociation.org/,,,
Medical Society of Delaware,http://www.medicalsocietyofdelaware.org/,,,
Medical Society of the State of New York,http://www.mssny.org/,,,
"Medical Society of Virginia, The",http://accme.org/cme-provider-directory/www.msv.org,,,
"Medical Technology Management Institute, LLC",http://www.mtmi.net/,,,
Medical University of South Carolina,http://www.musc.edu/cme,,,
MedicusCME,http://www.medicuscme.org/,6715,MedicusCME,1
MedLink LLC,http://www.medlink.com/,,,
MedPro Group,http://www.medpro.com/,3005,MedPro Group,1
"Medscape, LLC",http://www.medscape.org/,6718,"Medscape, LLC",1
MedStar Health,https://www.medstarhealth.org/#q={},"8135,41386","MedStar Health,MedStar Health","1,1"
MedStudy Corp.,http://www.medstudy.com/,,,
Medvarsity Technologies Private Limited,https://www.medvarsity.com/,,,
Meharry Medical College,http://www.mmc.edu/,,,
Memorial Health Care System,http://memorial.org/,,,
Memorial Healthcare System,http://cme.mhs.net/,"34,2494","Memorial Healthcare System,Memorial Healthcare System","1,1"
Memorial Hermann Health System,http://www.memorialhermann.org/,,,
Memorial Sloan Kettering Cancer Center,http://www.mskcc.org/cme,,,
Mercy Hospital Springfield,http://www.mercy.net/springfield-talent-development,6740,Mercy Hospital Springfield,1
Mercy Hospital St. Louis,http://stjohnsmercy.org/,3701,Mercy Hospital St. Louis,1
MercyOne North Iowa Medical Center,https://www.mercyone.org/northiowa/,3060,MercyOne North Iowa Medical Center,1
Merit Health Wesley in Hattiesburg,http://www.merithealthwesley.com/,,,
Meritus Health,http://meritushealth.com/,6748,Meritus Health,1
Merrimack Health,https://www.mhlawrencehospital.org/,,,
"Metabolic Health Initiative, LLC",https://www.metabolicinitiative.com/,,,
Methodist Healthcare,http://accme.org/cme-provider-directory/cmetracker.net/MHSA,,,
Methodist Healthcare-Memphis Hospitals,http://www.methodisthealth.org/,6752,Methodist Healthcare-Memphis Hospitals,1
"Methodist Hospital, The",http://accme.org/cme-provider-directory/www.methodisthospitals.org,,,
Metro Infectious Disease Consultants,http://www.midcusa.com/,,,
Metro Omaha Medical Society,http://www.omahamedical.com/,,,
Metro Vein Centers,http://accme.org/cme-provider-directory/metroveincenters.com,,,
MGH Institute of Health Professions,http://accme.org/cme-provider-directory/www.mghihp.edu/cpd,17766,MGH Institute of Health Professions,1
Michigan State Medical Society,http://www.msms.org/,,,
Michigan State University,http://humanmedicine.msu.edu/,23184,Michigan State University,1
Michigan State University College of Osteopathic Medicine,https://gmealliance.msu.edu/cme,,,
Middlesex Health,http://accme.org/cme-provider-directory/www.middlesexhealth.org,,,
Midland Memorial Hospital,http://www.midlandhealth.org/,6759,Midland Memorial Hospital,1
MidwayEd,http://accme.org/cme-provider-directory/www.midwayed.org,,,
Midwest Cardiovascular Research Foundation,http://www.mcrfmd.net/,,,
Millennium Physician Group,https://millenniumphysician.com/,,,
Milton H. Erickson Foundation,http://www.erickson-foundation.org/,,,
Mindpath Health,http://accme.org/cme-provider-directory/mindpath.com,,,
Minnesota Medical Association,http://www.mnmed.org/,,,
Mississippi Baptist Medical Center,http://www.baptistonline.org/,,,
Mississippi State Medical Association Foundation,http://www.msmaonline.com/,,,
Missouri Association of Osteopathic Physicians and Surgeons (MAOPS),http://www.maops.org/,47726,Missouri Association of Osteopathic Physicians and Surgeons (MAOPS),1
MLMIC Insurance Company,http://www.mlmic.com/,,,
Mohammed Bin Rashid University of Medicine and Health Sciences,https://www.mbru.ac.ae/,,,
Montefiore Nyack,https://www.montefiorenyack.org/,,,
Montrose Regional Health,http://accme.org/cme-provider-directory/www.montrosehealth.com,,,
Monument Health Rapid City Hospital,https://directory.monument.health/facility/sd/rapid-city/353-fairmont-boulevard-6671503,,,
MORE Foundation,https://more-foundation.org/,39824,MORE Foundation,1
Morehouse School of Medicine,http://www.msm.edu/,,,
"Moses/Weitzman Health System, Inc. (MWHS)",https://www.mwhs1.com/,,,
Mount Auburn Hospital,http://www.mountauburnhospital.org/,6785,Mount Auburn Hospital,1
Mount Sinai Medical Center of Florida,http://www.msmc.com/,,,
Mountain Area Health Education Center,http://www.mahec.net/,7263,Mountain Area Health Education Center,1
Mountain View Hospital,https://www.mountainviewhospital.org/,6789,Mountain View Hospital,1
Multicare Health System,http://accme.org/cme-provider-directory/www.multicare.org,,,
Munson Healthcare,http://www.munsonhealthcare.org/,,,
MyMichigan Health,http://accme.org/cme-provider-directory/www.mymichigan.org,,,
Nassau University Medical Center,http://www.numc.edu/,,,
National Abortion Federation,http://www.prochoice.org/,,,
National Alliance for Care at Home,http://www.nhpco.org/,52182,National Alliance for Care at Home,1
National Arab American Medical Association,http://www.naama.com/,,,
National Association for Continuing Education,http://www.naceonline.com/,,,
National Association of EMS Physicians,https://naemsp.org/,,,
National Association of Managed Care Physicians,http://www.namcp.org/,,,
National Center for Interprofessional Practice and Education,https://www.nexusipe.org/,,,
National Commission on Correctional Health Care,http://www.ncchc.org/,,,
National Committee for Quality Assurance,http://www.ncqa.org/,,,
National Comprehensive Cancer Network,http://accme.org/cme-provider-directory/www.nccn.org,,,
National Foundation for Infectious Diseases,http://www.nfid.org/,,,
National Home Infusion Association (NHIA),http://accme.org/cme-provider-directory/www.nhia.org,53216,National Home Infusion Association (NHIA),1
National Institute for the Clinical Application of Behavioral Medicine,http://www.nicabm.com/,,,
National Jewish Health,http://www.njhealth.org/,,,
National Kidney Foundation,http://www.kidney.org/,18889,National Kidney Foundation,1
National Lipid Association,http://www.lipid.org/,,,
National Medical Association,http://www.nmanet.org/,,,
National Psoriasis Foundation,http://www.psoriasis.org/,,,
Nationwide Children’s Hospital,https://www.nationwidechildrens.org/,2467,Nationwide Children’s Hospital,1
Naval Medical Leader and Professional Development Command (NML&PDC),https://www.med.navy.mil/Naval-Medical-Leader-and-Professional-Development-Command/Professional-Development/Continuing-Medical-Nurse-Education/,,,
Nemours Children’s Health,https://ce.nemours.org/,,,
New England Baptist Hospital,http://www.nebh.org/,,,
New England Ophthalmological Society,http://www.neos-eyes.org/,,,
New England Orthopaedic Society,http://www.neos-bone.org/,,,
New England Otolaryngological Society,http://www.neos-ent.org/,,,
New Jersey Academy of Family Physicians,http://www.njafp.org/,,,
New Jersey Association of Osteopathic Physicians and Surgeons,http://www.njosteo.com/,,,
New Mexico Health Resources,https://www.nmhr.org/,,,
New Mexico Heart Institute Foundation,https://www.nmhifoundation.org/,,,
New York Medical College,http://www.nymc.edu/,,,
New York Presbyterian Brooklyn Methodist Hospital,http://www.nym.org/,,,
"New York State Society of Anesthesiologists, Inc.",http://www.nyssa-pga.org/,,,
New York-Presbyterian Queens,http://www.nypqcme.org/,,,
NextGen Healthcare,http://www.nextgen.com/,6822,NextGen Healthcare,1
Nicklaus Children’s Hospital,http://www.nicklauschildrens.org/,,,
North American Neuromodulation Society,https://www.neuromodulation.org/,,,
"North American Society for Pediatric Gastroenterology, Hepatology & Nutrition",http://www.naspghan.org/,,,
North American Spine Society,http://www.spine.org/,7277,North American Spine Society,1
North Country Health Consortium,http://www.nchcnh.org/,,,
North Memorial Health Care,http://accme.org/cme-provider-directory/www.northmemorial.com,5313,North Memorial Health Care,1
North Mississippi Medical Center,http://www.nmhs.net/,,,
"Northeast Georgia Medical Center & Health System, Inc.",http://www.nghs.com/,,,
Northeast Ohio Medical University (NEOMED),https://www.neomed.edu/academics/continuing-education/,6832,Northeast Ohio Medical University (NEOMED),1
Northeastern University Bouvé College of Health Sciences,https://bouve.northeastern.edu/,,,
Northern Arizona Healthcare,http://accme.org/cme-provider-directory/nahealth.com,,,
Northwell Health,https://www.northwell.edu/cme,"5427,39153","Northwell Health,Northwell Health","1,1"
Northwell Health – Northern Region,https://nuvance.eeds.com/,,,
Northwest Anesthesia Seminars/Northwest Seminars,http://accme.org/cme-provider-directory/www.nwas.com,,,
Northwest Health – Porter,https://www.nwhealth.com/,,,
"Northwest Imaging Forums, Inc.",https://www.nwforums.com/,,,
Northwestern University Feinberg School of Medicine,http://www.cme.northwestern.edu/,18909,Northwestern University Feinberg School of Medicine,1
Norton Healthcare,http://www.nortonhealthcare.com/cme,6841,Norton Healthcare,1
Novant Health,http://www.novanthealth.org/,6846,Novant Health,1
NYS OASAS,http://accme.org/cme-provider-directory/www.oasas.ny.gov,,,
NYU Grossman School of Medicine,http://nyulmc.org/cme,"44235,45882","NYU Grossman School of Medicine,NYU Grossman School of Medicine","1,1"
Oak Ridge Institute for Science And Education,https://orise.orau.gov/reacts/continuing-medical-education/index.html,,,
"Oakstone Publishing, LLC",http://www.oakstone.com/,,,
Obesity Medicine Association,http://www.obesitymedicine.org/,39213,Obesity Medicine Association,1
"Obesity Society, The",http://www.obesity.org/,,,
OC Health Care Agency,https://www.ochealthinfo.com/,,,
OccDocOne.com,http://www.occdocone.com/,,,
Ochsner Clinic Foundation,http://www.ochsner.org/cme,,,
"Office of Interprofessional Education, The University of Texas Medical Branch",https://www.utmb.edu/ipce,,,
"Office of the Surgeon General, USAF",http://airforcemedicine.afms.mil/afphysiciancme,6852,"Office of the Surgeon General, USAF",1
Ogden Surgical-Medical Society,http://www.ogdensurgical.com/,,,
Ohio Department of Health,http://accme.org/cme-provider-directory/www.odh.ohio.gov,,,
Ohio State Medical Association,http://www.osma.org/,,,
OhioHealth,https://ohiohealth.cloud-cme.com/,"1583,6856","OhioHealth,OhioHealth","1,1"
Oklahoma Department of Mental Health & Substance Abuse Services,http://www.ok.gov/odmhsas,,,
Oklahoma Foundation for Medical Quality,http://www.ofmq.com/,,,
Oklahoma Heart Hospital,http://www.okheart.com/,,,
Oklahoma State Medical Association,http://www.okmed.org/,,,
Oklahoma State University Center for Health Sciences College of Osteopathic Medicine,https://osu.cloud-cme.com/,,,
Olmsted Medical Center,http://accme.org/cme-provider-directory/www.olmmed.org,,,
"Omnicuris Healthcare, Inc.",https://www.omnicuris.com/,,,
Opioid Remediation Collaborative of New Mexico,https://orcnm.com/,,,
Optum Health Education,http://www.optumhealtheducation.com/,,,
OptumCA,https://optum.com/california,,,
Oregon Health & Science University School of Medicine,http://www.ohsu.edu/som/cme,,,
Oregon Medical Association,http://www.theoma.org/,,,
Orlando Health,http://orlandohealth.com/,,,
Oroville Hospital,http://www.orovillehospital.com/,6864,Oroville Hospital,1
Orthopaedic Trauma Association,http://www.ota.org/,,,
"Osler Institute, The",http://www.osler.org/,,,
Pacific Northwest Gastroenterology Society,http://www.pnwgsociety.org/,,,
Palomar Medical Center,http://accme.org/cme-provider-directory/Palomar%20Health,,,
"Paradigm Medical Communications, LLC",http://www.paradigmmc.com/,6880,"Paradigm Medical Communications, LLC",1
Parkinson & Movement Disorder Alliance,https://www.pmdalliance.org/,,,
"Parkinson’s Foundation, The",https://www.parkinson.org/,,,
Parkview Health,http://accme.org/cme-provider-directory/www.parkview.com,20436,Parkview Health,1
Partners for Advancing Clinical Education,https://www.partnersed.com/,,,
Patient Safety Authority,https://patientsafety.pa.gov/,44764,Patient Safety Authority,1
Peacehealth Southwest Medical Center,https://www.peacehealth.org/,,,
Peacehealth St. John Medical Center,http://www.peacehealth.org/,,,
PeaceHealth St. Joseph Medical Center,https://www.peacehealth.org/providers-and-medical-professionals/cme/st-joseph-medical-center,6889,PeaceHealth St. Joseph Medical Center,1
"PeerPoint Medical Education Institute, LLC",http://www.peerpt.com/,6890,"PeerPoint Medical Education Institute, LLC",1
Penn Highlands Healthcare System,http://accme.org/cme-provider-directory/www.phhealthcare.org,,,
Penn Medicine,https://upenn.cloud-cme.com/,19944,Penn Medicine,1
Penn State College of Medicine,http://ce.med.psu.edu/,2611,Penn State College of Medicine,1
Pennsylvania Medical Society,http://www.pamedsoc.org/,,,
Pennsylvania Osteopathic Medical Association,https://www.poma.org/,,,
PESI Inc.,http://www.pesi.com/,,,
Phelps Health,http://www.phelpshealth.org/,48505,Phelps Health,1
Philippine Medical Association in Chicago,http://www.accme.org/find-cme-provider/philippine-medical-association-chicago,,,
Physicians’ Education Resource,http://www.gotoper.com/,,,
Piedmont AHEC,http://www.piedmontahec.org/,,,
Piedmont Healthcare,https://www.piedmont.org/CME,,,
PIH Health,https://www.pihhealth.org/,"4831,9603","PIH Health,PIH Health","1,1"
Pinnacle Conference LLC,http://learnatpinnacle.com/,,,
PM Pediatrics Management Group,http://pmpediatrics.com/,,,
Pomona Valley Hospital Medical Center,http://accme.org/cme-provider-directory/www.pvhmc.org,,,
Ponce School of Medicine,http://www.psm.edu/,6909,Ponce School of Medicine,1
Pontificia Universidad Católica de Chile School of Medicine,https://medicina.uc.cl/,,,
Portneuf Medical Center,http://accme.org/cme-provider-directory/www.portneuf.org,6913,Portneuf Medical Center,1
Post-Acute and Long-Term Care Medical Association,https://paltmed.org/,,,
Postgraduate Institute for Medicine,http://www.pimed.com/,,,
Powers Health,http://accme.org/cme-provider-directory/www.powershealth.org,18709,Powers Health,1
Practice Transformation Institute,http://transformcoach.org/,,,
Practicing Excellence,https://practicingexcellence.com/,51322,Practicing Excellence,1
Praxis Continuing Education and Training by New Harbinger,https://www.praxiscet.com/,,,
Presbyterian Health Care Services,http://www.phs.org/MedEdu,,,
Press Ganey Associates,http://accme.org/cme-provider-directory/www.pressganey.com,,,
Pri-Med Institute,http://www.pri-med.com/,,,
Primary Care Education Consortium,http://www.pceconsortium.org/,,,
"PRIME Education, Inc. (PRIME®)",https://primece.com/,,,
"ProAssurance Indemnity Company, Inc.",http://www.proassurance.com/,,,
"Professional Risk Management Services, Inc.",http://www.prms.com/,,,
ProMedica Health System,https://promedica.org/,,,
Promedica International,http://www.promedicacme.com/,,,
Providence Health and Services Alaska,https://cmetracker.net/PAMC,,,
Providence Mission Hospital,http://www.providence.org/,,,
Providence Oregon Region,https://oregon.providence.org/,,,
Providence Saint John’s Health Center,http://www.providence.org/saintjohns,,,
Providence South Puget Sound,http://www.providence.org/swwa-cme,,,
Providence St. Joseph Medical Center,https://www.providence.org/locations/socal/saint-joseph-medical-center,,,
Psychiatric Clinical Faculty Association,http://accme.org/cme-provider-directory/pcfala.net,,,
Psychoanalytic Center of California,http://accme.org/cme-provider-directory/www.p-c-c.org,,,
"Pulmonary Hypertension Association, Inc.",http://phassociation.org/,,,
Purdue University College of Pharmacy,http://ce.pharmacy.purdue.edu/,5243,Purdue University College of Pharmacy,1
"PVI, PeerView Institute for Medical Education",http://accme.org/cme-provider-directory/www.peerview.com,34132,"PVI, PeerView Institute for Medical Education",1
Quality Insights Inc.,https://www.qualityinsights.org/,,,
"Queen’s Medical Center, The",http://cme@queens.org/,,,
"Quillen College of Medicine, East Tennessee State University",https://www.etsu.edu/com/cme/,,,
Radiological Society of North America,http://www.rsna.org/,,,
Radiopaedia Australia Pty Ltd (dba Radiopaedia),https://radiopaedia.org/,,,
Rehabilitation Institute of Chicago DBA Shirley Ryan AbilityLab,http://accme.org/cme-provider-directory/sralab.org,,,
Reid Hospital & Health Care Services,http://www.reidhealth.org/,,,
Relias,https://reliasacademy.com/,,,
"Research Study Club of LA, Inc.",http://www.researchstudyclub.org/,,,
Research to Practice,http://www.researchtopractice.com/,,,
Ridgecrest Regional Hospital,http://accme.org/cme-provider-directory/www.rrh.org,,,
Ridgeview Medical Center,http://accme.org/cme-provider-directory/www.ridgeviewmedical.org,6966,Ridgeview Medical Center,1
Riverside University Health System Medical Center,http://www.ruhealth.org/en-us,,,
Riverview Psychiatric Center,http://www.maine.gov/dhhs/riverview/,6973,Riverview Psychiatric Center,1
"RMEI Medical Education, LLC",https://www.rmei.com/,18532,"RMEI Medical Education, LLC",1
Rochester Academy of Medicine,http://www.raom.org/,6975,Rochester Academy of Medicine,1
Roswell Park Comprehensive Cancer Center,http://www.roswellpark.org/,1055,Roswell Park Comprehensive Cancer Center,1
Rowan-Virtua School of Osteopathic Medicine,http://accme.org/cme-provider-directory/www.rowan.edu/som/cme,,,
Rush University Medical Center,https://www.rushu.rush.edu/education-and-training/continuing-and-professional-studies/interprofessional-continuing-education,3500,Rush University Medical Center,1
Rutgers Biomedical And Health Sciences,https://academichealth.rutgers.edu/,,,
RxCe.com LLC,https://rxce.com/,,,
Saint Louis University School of Medicine,https://www.slu.edu/medicine/medical-education/continuing-medical-education/index.php,,,
Salem Health,https://www.salemhealth.org/,6988,Salem Health,1
Sam Houston State University College of Osteopathic Medicine,https://www.shsu.edu/academics/osteopathic-medicine/,,,
Samaritan Health Services,https://www.samhealth.org/,3173,Samaritan Health Services,1
Samaritan Healthcare and Hospice,https://www.samaritannj.org/,,,
San Diego Psychoanalytic Society & Institute,http://accme.org/cme-provider-directory/www.sdpsychoanalyticcenter.org,6991,San Diego Psychoanalytic Society & Institute,1
San Diego Shoulder Institute,http://www.sdsi-shoulder.com/,,,
San Francisco Neurological Society,http://www.sfneurological.org/,,,
San Francisco Psychotherapy Research Group,https://www.sfprg.org/,,,
Sanford Health,https://www.sanfordhealth.org/,"9624,43165","Sanford Health,Sanford Health","1,1"
Santa Barbara County Consortium for CME,http://www.ccmahealth.org/,9673,Santa Barbara County Consortium for CME,1
Sarasota Memorial Health Care System,http://accme.org/cme-provider-directory/www.smh.com,,,
"Sauk Prairie Healthcare, Inc.",http://www.saukprairiehealthcare.org/,,,
ScientiaCME,http://www.scientiacme.org/,7002,ScientiaCME,1
Scientific Symposiums International,http://www.scientificsymposiums.com/,2428,Scientific Symposiums International,1
Scoliosis Research Society,http://www.srs.org/,,,
SCP Health,http://www.scphealth.com/,,,
Scripps Health,http://www.scripps.org/conferenceservices,1266,Scripps Health,1
SEAHEC,http://www.seahec.net/,,,
"Seak, Inc.",http://www.seak.com/,,,
Seattle Children’s,http://accme.org/cme-provider-directory/www.seattlechildrens.org,,,
Seattle Science Foundation,http://www.seattlesciencefoundation.org/,,,
Self Regional Healthcare,https://www.selfregional.org/,"7005,17156","Self Regional Healthcare,Self Regional Healthcare","1,1"
Sentara Health,http://www.sentara.com/,,,
Sepsis Alliance,https://learn.sepsis.org/,47102,Sepsis Alliance,1
Shady Grove Adventist Hospital,http://accme.org/cme-provider-directory/www.adventisthealthcare.com,7009,Shady Grove Adventist Hospital,1
Sharp HealthCare,http://www.sharp.com/,1719,Sharp HealthCare,1
Shasta Community Health Center,http://www.shastahealth.org/,,,
Shaw Cancer Center,https://www.vailhealth.org/services/cancer-diagnostics-care/about-shaw-cancer-center,,,
Shepherd Center,http://accme.org/cme-provider-directory/www.shepherd.org,,,
Sheppard Pratt Health System,http://www.sheppardpratt.org/,,,
Shifa Foundation,https://shifafoundation.org/,,,
Sidra Medicine,http://sidra.org/,50035,Sidra Medicine,1
Signature Healthcare Brockton Hospital,http://www.signature-healthcare.org/,3085,Signature Healthcare Brockton Hospital,1
Silver Cross Hospital,http://www.silvercross.org/,7017,Silver Cross Hospital,1
Silver Hill Hospital,http://www.silverhillhospital.org/,7018,Silver Hill Hospital,1
Siyemi Europe Limited,https://www.siyemi.org/,,,
Skagit Regional Health,http://accme.org/cme-provider-directory/www.skagitregionalhealth.org,7021,Skagit Regional Health,1
Skin Cancer and Reconstructive Surgery Foundation,http://www.ocskincancer.com/,,,
Social Security Administration,http://www.socialsecurity.gov/,,,
"Society for Cardiovascular Angiography and Interventions, The",http://www.scai.org/,,,
"Society for Healthcare Epidemiology of America, The",http://www.shea-online.org/,,,
Society for Pain Practice Management,http://www.sppm.org/,7303,Society for Pain Practice Management,1
Society for Pediatric Anesthesia,http://www.pedsanesthesia.org/,,,
Society for Pediatric Pathology,http://www.spponline.org/,,,
Society for Simulation in Healthcare,http://www.ssih.org/,,,
"Society for Translational Oncology, The",http://www.sto-online.org/,,,
Society for Vascular Surgery,https://vascular.org/,,,
Society of American Gastrointestinal Endoscopic Surgeons,http://www.sages.org/,,,
Society of Cardiovascular Anesthesiologists,http://www.scahq.org/,,,
Society of Cardiovascular Computed Tomography,http://www.scct.org/,,,
"Society of Clinical Research Associates, Inc.",http://www.socra.org/,,,
Society of Critical Care Medicine,http://www.sccm.org/,,,
Society of Family Planning,http://www.societyfp.org/,,,
Society of General Internal Medicine,http://www.sgim.org/,,,
Society of Hospital Medicine,http://www.hospitalmedicine.org/,,,
Society of Interventional Radiology,http://www.sirweb.org/,,,
Society of Nuclear Medicine and Molecular Imaging,http://www.snmmi.org/,,,
Society of Surgical Oncology,http://www.surgonc.org/,43215,Society of Surgical Oncology,1
Society of Thoracic Radiology,http://www.thoracicrad.org/,,,
"Society of Thoracic Surgeons, The",http://www.sts.org/,,,
Somnia Anesthesia,http://somniaanesthesiaservices.com/,,,
Sound Physicians,http://www.soundphysicians.com/,,,
South Carolina Medical Association,http://www.scmedical.org/,,,
South Coastal Area Health Education Center (SCAHEC),http://accme.org/cme-provider-directory/www.southcoastalahec.org,,,
South Denver Heart Center Foundation,http://southdenver.com/,,,
South Georgia Medical Center,http://www.sgmc.org/,,,
"South Shore Hospital, Inc.",http://www.southshorehospital.org/,,,
Southbay Pathology Society,http://www.southbaypath.org/,,,
Southeast AIDS Education and Training Center,https://moxse.org/,,,
Southeast Georgia Health System,http://www.sghs.org/,,,
Southern Alliance for Physician Specialties CME,http://accme.org/cme-provider-directory/www.sapscme.org,,,
Southern Arizona AHEC at El Rio Health,https://www.southernazahec.org/,,,
Southern California Education and Research Center,http://erc.ucla.edu/ced/,7037,Southern California Education and Research Center,1
Southern Illinois University School of Medicine,http://www.siumed.edu/cpd,,,
Southern Kentucky AHEC,http://www.soahec.org/,2258,Southern Kentucky AHEC,1
Southern Medical Association,http://sma.org/,,,
Southern New Hampshire Medical Center,http://www.snhmc.org/,,,
Southern Regional AHEC,http://www.southernregionalahec.org/,7043,Southern Regional AHEC,1
Spartanburg Regional Healthcare System,http://accme.org/cme-provider-directory/SpartanburgRegional.com,7048,Spartanburg Regional Healthcare System,1
SSM Health,http://ssmhc.com/,21109,SSM Health,1
St. Charles Health System,http://www.stcharleshealthcare.org/,7051,St. Charles Health System,1
St. Clair County Medical Society-CME Consortium,http://www.sccmedicalsociety.com/,,,
St. Elizabeth Healthcare – Dearborn,https://www.stelizabeth.com/care/dearborn,,,
St. Francis Hospital,http://www.stfrancisheartcenter.com/,,,
St. Francis Medical Center,http://www.stfran.com/,,,
St. John’s Episcopal Hospital – South Shore,http://www.ehs.org/,,,
St. Joseph Hospital,http://www.stjosephhospital.com/,,,
St. Joseph Medical Center,https://www.pennstatehealth.org/locations/st-joseph,,,
St. Jude Children’s Research Hospital,http://www.stjude.org/,,,
St. Louis STD/HIV Prevention Training Center,https://preventiontraining.wustl.edu/,4643,St. Louis STD/HIV Prevention Training Center,1
St. Luke’s Health System,https://www.stlukesonline.org/,,,
"St. Luke’s Hospital, Chesterfield, Mo",http://www.stlukes-stl.com/,,,
St. Luke’s University Health Network,http://www.sluhn.org/,51320,St. Luke’s University Health Network,1
St. Mary’s Medical Center,http://www.stmarymc.com/,4410,St. Mary’s Medical Center,1
Stamford Hospital,http://www.stamhealth.org/,,,
Stanford Medicine,http://cme.stanford.edu/,6191,Stanford Medicine,1
"StatPearls, LLC",https://www.statpearls.com/,,,
Stillwater Medical Center,http://www.stillwater-medical.org/,4702,Stillwater Medical Center,1
Stormont Vail Health – Continuing Professional Development,https://stormontvail.eeds.com/,,,
Stratis Health,http://accme.org/cme-provider-directory/www.stratishealth.org,"1854,4708","Stratis Health,Stratis Health","1,1"
Sturdy Memorial Hospital,http://www.sturdyhealth.org/,4730,Sturdy Memorial Hospital,1
Substance Abuse and Mental Health Services Administration,https://www.samhsa.gov/,,,
Suburban Health Organization,http://cme@suburbanhealth.com/,,,
Summa Health System,http://www.summahealth.org/,2708,Summa Health System,1
Summit Medical Institute,https://www.summitmedicalinstitute.com/,,,
SUNY – School of Medicine At Stony Brook,http://www.stonybrook.edu/sb/medical.shtml,,,
SUNY – Upstate Medical University,http://www.upstate.edu/cme,,,
SUNY Downstate Health Sciences University,http://www.downstate.edu/ocme,,,
Sutter Health,https://cpd.sutterhealth.org/,"3000,9597","Sutter Health,Sutter Health","1,1"
Swedish Medical Center,http://www.swedish.org/cme,46855,Swedish Medical Center,1
Symposia Medicus,http://www.symposiamedicus.org/,"14,5774","Symposia Medicus,Symposia Medicus","1,1"
Syracuse Orthopedic Specialists,https://www.sosbones.com/,,,
Syrian American Medical Society,http://accme.org/cme-provider-directory/society.sams-usa.net,,,
"Talem Health, LLC",https://www.talemhealth.com/,,,
Talkiatry,https://www.talkiatry.com/,,,
Tanner Health,http://www.tanner.org/,,,
TeamHealth Institute,http://www.teamhealth.com/,,,
TeleSpecialists,https://tstelemed.com/,,,
Tenet Healthcare Corporation,http://www.tenethealth.com/,,,
Tennessee Medical Association,http://www.tnmed.org/,,,
Tewksbury Hospital,http://www.mass.gov/dph/hosp/th.htm,7077,Tewksbury Hospital,1
Texas A&M Health Science Center Coastal Bend Health Education Center,http://cbhec.tamu.edu/,,,
Texas A&M University Naresh K. Vashisht College of Medicine,https://medicine.tamu.edu/professional-development/cme.html#tab-panel-1,,,
Texas Academy of Family Physicians,http://www.tafp.org/,7397,Texas Academy of Family Physicians,1
Texas Children’s Hospital,http://accme.org/cme-provider-directory/www.texaschildrens.org,,,
Texas Health Resources,https://ce.texashealth.org/,,,
Texas Medical Association,http://www.texmed.org/,,,
Texas Medical Liability Trust,http://www.tmlt.org/,,,
Texas Orthopaedic Association,http://www.toa.org/,,,
Texas Pain Society,http://www.texaspain.org/,,,
Texas Society of Psychiatric Physicians,http://www.txpsych.org/,,,
Texas Tech University Health Sciences Center,https://www.ttuhsc.edu/medicine/continuing-medical-education/,,,
Texas Tech University Health Sciences Center El Paso,http://www.ttuhsc.edu/elpaso/,,,
Texoma Medical Center,https://www.texomamedicalcenter.net/,7084,Texoma Medical Center,1
The American Academy of Psychodynamic Psychiatry and Psychoanalysis,http://www.aapdp.org/,,,
The Christ Hospital,https://www.thechristhospital.com/about-the-network/healthcare-professionals/continuing-medical-education,3582,The Christ Hospital,1
The CME Hub,https://nycdocs.com/,,,
The Cooper Health System,http://www.cooperhealth.org/,,,
The Fundingsland Group,http://accme.org/cme-provider-directory/tfgeducation.com,,,
The George Washington University School of Medicine and Health Sciences,http://www.smhs.gwu.edu/cehp,,,
"The Greeley Company, LLC",https://www.chartisquality.com/,,,
The Guthrie Clinic,http://www.guthrie.org/,3305,The Guthrie Clinic,1
The Hospitals of Providence,http://www.thehospitalsofprovidence.com/,7016,The Hospitals of Providence,1
The Institute for Medical Studies,http://accme.org/cme-provider-directory/www.cmeprovider.com,3306,The Institute for Medical Studies,1
The Medical Educator Consortium,https://mymedflix.com/,9965,The Medical Educator Consortium,1
The Menopause Society,http://www.menopause.org/,,,
The Metrohealth System,https://www.metrohealth.org/education,,,
"The National Consortium of Breast Centers, Inc",https://breastcare.org/,,,
The Neuron Clinic,https://theneuronclinic.com/,,,
The Ohio State University,http://ccme.osu.edu/,,,
"The Pediatrix Center for Research, Education, Quality and Safety",https://www.creqs.com/,,,
The Robert Larner College of Medicine at The University of Vermont,http://www.med.uvm.edu/cmie,,,
The Society for Maternal-Fetal Medicine,http://accme.org/cme-provider-directory/www.smfm.org,,,
The Society of Laparoscopic and Robotic Surgeons (SLS),http://www.sls.org/,,,
The Society of Metabolic Health Practitioners Inc.,https://thesmhp.org/,,,
The Southcoast Health Physician CME Program,http://www.southcoast.org/,,,
The Sullivan Group,http://thesullivangroup.com/,,,
The University at Buffalo Jacobs School of Medicine and Biomedical Sciences,http://medicine.buffalo.edu/,,,
The University of Arizona College of Medicine – Tucson,http://www.cme.arizona.edu/,,,
The University of Texas at Austin Dell Medical School,https://dellmed.utexas.edu/education/academics/continuing-medical-education,,,
The University of Texas at San Antonio,http://cme.uthscsa.edu/,,,
The University of Texas Health Center – Tyler,http://www.uthct.edu/,,,
The University of Texas MD Anderson Cancer Center,http://www.mdanderson.org/,"8358,9642","The University of Texas MD Anderson Cancer Center,The University of Texas MD Anderson Cancer Center","1,1"
The Valley Hospital,http://accme.org/cme-provider-directory/www.valleyhealth.com,9744,The Valley Hospital,1
TidalHealth Peninsula Regional,http://accme.org/cme-provider-directory/www.tidalhealth.org,,,
Tilman J. Fertitta Family College of Medicine (TJFF COM – University of Houston),https://www.uh.edu/medicine/,,,
TMC Health Medical Education Program (THMEP),https://www.tmcaz.com/thmep/,,,
TMF Health Quality Institute,http://www.tmf.org/,7103,TMF Health Quality Institute,1
"Total Compliance Solutions, Inc. dba MedSafe",http://accme.org/cme-provider-directory/www.medsafe.com,,,
Touro University College of Osteopathic Medicine-California,http://com.tu.edu/,,,
Touro University Nevada College of Osteopathic Medicine,http://www.tun.touro.edu/,,,
Tower Health,http://towerhealth.org/,50625,Tower Health,1
TPMG Physician Education and Development,https://tpmgphysicianed.org/,7106,TPMG Physician Education and Development,1
TPN Health Inc.,http://accme.org/cme-provider-directory/tpn.health,,,
"Trauma Center Association of America, INC.",https://www.traumacenters.org/,,,
TRC Healthcare-NetCE,https://www.netce.com/,,,
Trinity Health,http://accme.org/cme-provider-directory/www.trinityhealth.org,"7110,7256","Trinity Health,Trinity Health","1,1"
Tufts University School of Medicine – Office of Continuing Education,http://medicine.tufts.edu/Education/Continuing-Education,,,
Tulane University Health Sciences Center,http://tulane.edu/,2363,Tulane University Health Sciences Center,1
Twin Cities Orthopedics,https://tcomn.com/,,,
U.S. Army Medical Command,https://education.mods.army.mil/CME/SECURED,7117,U.S. Army Medical Command,1
UCHealth Community Hospitals,http://uchealth.org/,,,
UCLA Integrated Substance Abuse Programs (ISAP),http://accme.org/cme-provider-directory/www.uclaisap.org,,,
UCLA-UCSF ACEs Aware Family Resilience Network (UCAAN),https://ucaan.ucla.edu/,,,
UHS Regional CME Program,http://accme.org/cme-provider-directory/uhsinc.com,9719,UHS Regional CME Program,1
UMA Foundation,http://www.utahmed.org/,7120,UMA Foundation,1
Undersea and Hyperbaric Medical Society,http://www.uhms.org/,,,
Union Hospital,http://www.myunionhospital.org/,23009,Union Hospital,1
United Regional Health Care System,http://www.unitedregional.org/,,,
United States & Canadian Academy of Pathology,http://www.uscap.org/,,,
Unitypoint Health – Des Moines,https://www.unitypoint.org/locations/unitypoint-health---iowa-methodist-medical-center/for-health-professionals,,,
Universidad Central del Caribe of Continuing Medical Education,http://accme.org/cme-provider-directory/www.uccaribe.edu,2355,Universidad Central del Caribe of Continuing Medical Education,1
"University at Albany, College of Integrated Health Sciences, Center for Public Health Continuing Education",https://www.albany.edu/cphce,,,
University Medical Center of Southern Nevada,http://www.umcsn.com/,7130,University Medical Center of Southern Nevada,1
University of Alabama at Birmingham Marnix E. Heersink School of Medicine,http://www.uab.edu/cme,,,
University of Alaska Anchorage Alaska Center for Rural Health and Health Workforce,https://www.uaa.alaska.edu/academics/college-of-health/departments/ACRHHW/,,,
University of Arkansas for Medical Sciences Office of Continuing Education,http://ce.uams.edu/,,,
"University of California, Davis, Health System",http://cme.ucdavis.edu/,,,
"University of California, Irvine School of Medicine",https://medschool.uci.edu/education/medical-education/cme,,,
"University of California, San Diego",http://www.cpd.ucsd.edu/,1999,"University of California, San Diego",1
"University of California, San Francisco",http://cme.ucsf.edu/,11230,"University of California, San Francisco",1
University of Central Florida College of Medicine,https://med.ucf.edu/,9634,University of Central Florida College of Medicine,1
University of Chicago School of Medicine,http://cme.uchicago.edu/,,,
University of Cincinnati College of Medicine,https://uc.cloud-cme.com/,,,
University of Colorado School of Medicine,https://medschool.cuanschutz.edu/education/cme,2344,University of Colorado School of Medicine,1
University of Connecticut School of Medicine,http://cme.uchc.edu/,,,
University of Florida College of Medicine,http://www.cme.ufl.edu/,,,
University of Hawaii Hilo Daniel K. Inouye College of Pharmacy,http://pharmacy.uhh.hawaii.edu/,,,
"University of Idaho, School of Health and Medical Professions",https://www.uidaho.edu/cogs/shamp,,,
University of Illinois College of Medicine,http://www.medicine.uic.edu/,,,
University of Iowa Roy J. and Lucille A. Carver College of Medicine,http://www.medicine.uiowa.edu/cme,,,
University of Kansas Medical Center,https://www.kumc.edu/community-engagement/our-divisions/continuing-education-and-professional-development.html,,,
"University of Kansas-Wichita, Department of Family and Community Health",https://www.kumc.edu/school-of-medicine/campuses/wichita/academics/family-and-community-medicine-wichita/academics/continuing-medical-education.html,,,
University of Kentucky Healthcare CE Central,http://www.cecentral.com/,,,
University of Louisville – HSC Office of Professional & Educational Development,http://louisville.edu/medschool,,,
University of Maryland School of Medicine,http://medschool.umaryland.edu/opd/,2341,University of Maryland School of Medicine,1
University of Massachusetts Chan Medical School,http://www.umassmed.edu/cme,,,
University of Miami Leonard M. Miller School of Medicine,http://www.cme.med.miami.edu/,,,
University of Michigan Medical School,http://micme.medicine.umich.edu/,,,
University of Minnesota Interprofessional Continuing Education,https://med.umn.edu/cpd,51323,University of Minnesota Interprofessional Continuing Education,1
University of Mississippi School of Medicine,http://conted.umc.edu/,,,
University of Missouri – Continuing Education for Health Professions,https://cehp.missouri.edu/,,,
University of Nebraska Medical Center,http://www.unmc.edu/cce,,,
"University of Nevada, Reno School of Medicine",http://med.unr.edu/,9853,"University of Nevada, Reno School of Medicine",1
University of New Mexico School of Medicine,https://hsc.unm.edu/medicine/education/cpl/,,,
University of North Carolina School of Medicine,http://www.med.unc.edu/cpd,,,
University of North Dakota School of Medicine,https://med.und.edu/continuing-medical-education/index.html,,,
University of North Texas Health Science Center at Fort Worth,http://www.unthsc.edu/,,,
University of Oklahoma College of Medicine,http://cme.ouhsc.edu/,,,
University of Pittsburgh,https://cce.upmc.com/,262,University of Pittsburgh,1
University of Rochester School of Medicine and Dentistry,http://www.cel.urmc.edu/,,,
University of South Alabama College of Medicine Office of CME,https://www.southalabama.edu/colleges/com/cme/,,,
University of South Carolina School of Medicine – Prisma Health-Midlands Continuing Medical Education Organization,http://cme.med.sc.edu/,,,
University of South Carolina School of Medicine Greenville,http://accme.org/cme-provider-directory/CME@prismahealth.org,,,
University of Southern Indiana,https://www.usi.edu/health/,,,
University of Tennessee College of Medicine,http://www.uthsc.edu/cme,,,
University of Texas Rio Grande Valley School of Medicine,https://www.utrgv.edu/en-us/,,,
University of Texas Southwestern Medical Center,http://www.utsouthwestern.edu/,,,
"University of Toledo, The",https://utoledo.cloud-cme.com/default.aspx,,,
University of Utah School of Medicine,http://medicine.utah.edu/cme,1953,University of Utah School of Medicine,1
University of Washington School of Medicine,http://www.uwcme.org/,,,
University of Wisconsin-Madison Interprofessional Continuing Education Partnership,https://ce.icep.wisc.edu/,,,
Upper Chesapeake Health,https://www.umms.org/uch,,,
"UpToDate, Inc.",http://www.uptodate.com/,7141,"UpToDate, Inc.",1
Urgent Care Association of America,http://www.urgentcareassociation.org/,,,
USC Arcadia Hospital,https://www.uscarcadiahospital.org/,,,
USF Health,http://health.usf.edu/,,,
UVA Health Continuing Education (University of Virginia School of Medicine and School of Nursing),http://www.cmevillage.com/,,,
Vanderbilt University Medical Center,https://vumc.cloud-cme.com/,,,
VCU Health Continuing Education,https://ce.vcuhealth.org/,13717,VCU Health Continuing Education,1
Versiti,http://accme.org/cme-provider-directory/www.versiti.org,36971,Versiti,1
"Vindico Medical Education, LLC",http://www.vindicomeded.com/,,,
Virginia Mason Medical Center,http://www.virginiamasoncme.org/,7163,Virginia Mason Medical Center,1
"Vision Professional Services, LLC",http://www.visionradiology.com/,51321,"Vision Professional Services, LLC",1
VitalTalk,http://accme.org/cme-provider-directory/www.vitaltalk.org,,,
Vituity,http://accme.org/cme-provider-directory/www.vituity.com,6386,Vituity,1
"Vizient, Inc.",http://www.vizientinc.com/,2319,"Vizient, Inc.",1
Voxmedia LLC,http://www.cmeplanet.com/,7168,Voxmedia LLC,1
Wake AHEC,http://www.wakeahec.org/,,,
Wake Forest University Health Sciences,http://www.wakehealth.edu/,9756,Wake Forest University Health Sciences,1
"Warren Alpert Medical School of Brown University, The",http://brown.edu/cme,,,
"Warren Wellness, MD",http://accme.org/cme-provider-directory/warrenwellnessmd.com,49023,"Warren Wellness, MD",1
Washington Health,http://accme.org/cme-provider-directory/www.washingtonhealth.com,,,
Washington State Medical Association,http://www.wsma.org/,,,
Washington State University Elson S. Floyd College of Medicine,https://medicine.wsu.edu/,51402,Washington State University Elson S. Floyd College of Medicine,1
Washington University School of Medicine in St. Louis,http://cme.wustl.edu/,,,
Watson Clinic Foundation,http://accme.org/cme-provider-directory/www.WatsonClinic.com/Foundation,7178,Watson Clinic Foundation,1
Wayne State University School of Medicine,https://cme.med.wayne.edu/,2314,Wayne State University School of Medicine,1
"Weaver Johnston & Nelson, PLLC",http://accme.org/cme-provider-directory/www.texashealthlaw.com,,,
Weill Cornell Medical College,http://www.med.cornell.edu/,9109,Weill Cornell Medical College,1
Weill Cornell Medicine-Qatar,https://qatar-weill.cornell.edu/,,,
West Tennessee Healthcare,http://accme.org/cme-provider-directory/www.wth.org,,,
West Virginia University School of Medicine,http://ce.wvu.edu/,,,
Westchester Academy of Medicine,http://www.wcms.org/,,,
Western Michigan University Homer Stryker MD School of Medicine,https://wmed.edu/,,,
"Western Region Public Health Training Center, University of Arizona",https://wrphtc.arizona.edu/,,,
Western Reserve Health Education,http://accme.org/cme-provider-directory/www.wrhe-edu.org,,,
"Western University of Health Sciences, College of Osteopathic Medicine of the Pacific",http://www.westernu.edu/,,,
"Westmed Medical Group, P.C.",http://www.westmedgroup.com/,,,
"White Coat Institute, LLC",http://accme.org/cme-provider-directory/www.getmycme.com,,,
Wilderness Medical Society,http://wms.org/,,,
Wills Eye Hospital,http://www.willseye.org/,"2310,7994","Wills Eye Hospital,Wills Eye Hospital","1,1"
Winchester Medical Center,http://www.valleyhealthlink.com/,,,
Wisconsin Association for Perinatal Care,https://wiperinatal.org/,,,
Wisconsin Medical Society,http://www.wismed.org/,7213,Wisconsin Medical Society,1
Woman’s Hospital,http://www.womans.org/,,,
World Class CME,http://www.worldclasscme.com/,1636,World Class CME,1
Wright State University School of Medicine,http://medicine.wright.edu/continuing-medical-education,,,
Yale School of Medicine,http://cme.yale.edu/,,,
Your CE Source,http://www.yourcesource.org/,,,
Yuma Regional Medical Center DBA Onvida Health Yuma Medical Center (Onvida Health),https://www.yumaregional.org/,,,
